transcript_id,cancer_fold,gene_symbol,p_value,tissue_type,gene_category,cancer_type,cancer_subtype,er_status,pr_status,her2_status
ENST00000707115,6.334,MYC,0.000275,tumor,oncogene,breast_tnbc,triple-negative,negative,negative,negative
ENST00000578502,4.457,ERBB2,0.000383,tumor,oncogene,breast_tnbc,triple-negative,negative,negative,negative
ENST00000342916,5.414,EGFR,0.000829,tumor,oncogene,breast_tnbc,triple-negative,negative,negative,negative
ENST00000556131,4.104,KRAS,0.000509,tumor,oncogene,breast_tnbc,triple-negative,negative,negative,negative
ENST00000675467,3.498,PIK3CA,0.000903,tumor,oncogene,breast_tnbc,triple-negative,negative,negative,negative
ENST00000554585,3.201,AKT1,0.000656,tumor,oncogene,breast_tnbc,triple-negative,negative,negative,negative
ENST00000536559,4.617,CCND1,0.000473,tumor,oncogene,breast_tnbc,triple-negative,negative,negative,negative
ENST00000666617,2.835,MDM2,0.000662,tumor,oncogene,breast_tnbc,triple-negative,negative,negative,negative
ENST00000644969,3.048,BRAF,0.000322,tumor,oncogene,breast_tnbc,triple-negative,negative,negative,negative
ENST00000369535,2.409,NRAS,0.004573,tumor,oncogene,breast_tnbc,triple-negative,negative,negative,negative
ENST00000618944,0.232,TP53,7.2e-05,tumor,tumor_suppressor,breast_tnbc,triple-negative,negative,negative,negative
ENST00000643064,0.563,RB1,0.039235,tumor,tumor_suppressor,breast_tnbc,triple-negative,negative,negative,negative
ENST00000700024,0.387,PTEN,0.003088,tumor,tumor_suppressor,breast_tnbc,triple-negative,negative,negative,negative
ENST00000591849,0.157,BRCA1,0.00021,tumor,tumor_suppressor,breast_tnbc,triple-negative,negative,negative,negative
ENST00000530893,0.239,BRCA2,0.000818,tumor,tumor_suppressor,breast_tnbc,triple-negative,negative,negative,negative
ENST00000579122,0.193,CDKN2A,0.000453,tumor,tumor_suppressor,breast_tnbc,triple-negative,negative,negative,negative
ENST00000615513,0.536,CDKN1A,0.027901,tumor,tumor_suppressor,breast_tnbc,triple-negative,negative,negative,negative
ENST00000684771,0.534,CDKN1B,0.044678,tumor,tumor_suppressor,breast_tnbc,triple-negative,negative,negative,negative
ENST00000257430,0.299,APC,0.000658,tumor,tumor_suppressor,breast_tnbc,triple-negative,negative,negative,negative
ENST00000713812,0.402,VHL,0.00977,tumor,tumor_suppressor,breast_tnbc,triple-negative,negative,negative,negative
ENST00000532765,0.321,ATM,0.000795,tumor,dna_repair,breast_tnbc,triple-negative,negative,negative,negative
ENST00000711049,0.483,CHEK1,0.005707,tumor,dna_repair,breast_tnbc,triple-negative,negative,negative,negative
ENST00000398017,0.561,CHEK2,0.013953,tumor,dna_repair,breast_tnbc,triple-negative,negative,negative,negative
ENST00000533741,0.643,RAD51,0.076162,tumor,dna_repair,breast_tnbc,triple-negative,negative,negative,negative
ENST00000678226,0.714,PARP1,0.089684,tumor,dna_repair,breast_tnbc,triple-negative,negative,negative,negative
ENST00000674019,0.473,MLH1,0.002388,tumor,dna_repair,breast_tnbc,triple-negative,negative,negative,negative
ENST00000713867,0.48,MSH2,0.007001,tumor,dna_repair,breast_tnbc,triple-negative,negative,negative,negative
ENST00000598165,0.51,XRCC1,0.072373,tumor,dna_repair,breast_tnbc,triple-negative,negative,negative,negative
ENST00000427531,0.13251618537533097,ESR1,0.000329,tumor,hormone_receptor,breast_tnbc,triple-negative,negative,negative,negative
ENST00000263463,0.1460094376962528,PGR,0.000874,tumor,hormone_receptor,breast_tnbc,triple-negative,negative,negative,negative
ENST00000374690,0.212606127766162,AR,0.000495,tumor,hormone_receptor,breast_tnbc,triple-negative,negative,negative,negative
ENST00000615612,1.513,GNAZ,0.044432,tumor,pathway_gene,breast_tnbc,triple-negative,negative,negative,negative
ENST00000304218,2.12,H1-4,0.003173,tumor,pathway_gene,breast_tnbc,triple-negative,negative,negative,negative
ENST00000593013,1.755,HDAC5,0.09637,tumor,pathway_gene,breast_tnbc,triple-negative,negative,negative,negative
ENST00000524314,0.338,FGF17,0.000882,tumor,pathway_gene,breast_tnbc,triple-negative,negative,negative,negative
ENST00000066544,0.794,CDC27,0.011998,tumor,pathway_gene,breast_tnbc,triple-negative,negative,negative,negative
ENST00000539616,0.929,MNAT1,0.044896,tumor,pathway_gene,breast_tnbc,triple-negative,negative,negative,negative
ENST00000536416,1.398,ANAPC5,0.086005,tumor,pathway_gene,breast_tnbc,triple-negative,negative,negative,negative
ENST00000634840,1.358,CBL,0.040972,tumor,pathway_gene,breast_tnbc,triple-negative,negative,negative,negative
ENST00000378460,0.56,NUP160,0.067021,tumor,pathway_gene,breast_tnbc,triple-negative,negative,negative,negative
ENST00000511673,0.536,GNGT2,0.089679,tumor,pathway_gene,breast_tnbc,triple-negative,negative,negative,negative
ENST00000631020,0.845,PNKP,0.059882,tumor,pathway_gene,breast_tnbc,triple-negative,negative,negative,negative
ENST00000610152,0.627,ELL,0.082023,tumor,pathway_gene,breast_tnbc,triple-negative,negative,negative,negative
ENST00000585370,0.773,LIG3,0.093679,tumor,pathway_gene,breast_tnbc,triple-negative,negative,negative,negative
ENST00000467592,1.803,IGF2BP3,0.065997,tumor,pathway_gene,breast_tnbc,triple-negative,negative,negative,negative
ENST00000574194,0.392,ERCC4,0.008324,tumor,pathway_gene,breast_tnbc,triple-negative,negative,negative,negative
ENST00000850621,3.055,AIM2,5.4e-05,tumor,pathway_gene,breast_tnbc,triple-negative,negative,negative,negative
ENST00000316386,2.502,ICOS,0.006541,tumor,pathway_gene,breast_tnbc,triple-negative,negative,negative,negative
ENST00000437579,1.286,NEURL1,0.096724,tumor,pathway_gene,breast_tnbc,triple-negative,negative,negative,negative
ENST00000488111,0.69,COPS7B,0.042404,tumor,pathway_gene,breast_tnbc,triple-negative,negative,negative,negative
ENST00000509200,1.189,NGFR,0.047844,tumor,pathway_gene,breast_tnbc,triple-negative,negative,negative,negative
ENST00000475167,0.978,SLC25A6,0.087659,tumor,pathway_gene,breast_tnbc,triple-negative,negative,negative,negative
ENST00000373040,0.3,RPA4,0.000631,tumor,pathway_gene,breast_tnbc,triple-negative,negative,negative,negative
ENST00000677144,0.655,LAMB1,0.04651,tumor,pathway_gene,breast_tnbc,triple-negative,negative,negative,negative
ENST00000617873,3.161,PLCG1,9.3e-05,tumor,pathway_gene,breast_tnbc,triple-negative,negative,negative,negative
ENST00000460060,2.015,C4A,0.00569,tumor,pathway_gene,breast_tnbc,triple-negative,negative,negative,negative
ENST00000409300,0.742,RAD9B,0.062836,tumor,pathway_gene,breast_tnbc,triple-negative,negative,negative,negative
ENST00000558794,0.509,FURIN,0.062252,tumor,pathway_gene,breast_tnbc,triple-negative,negative,negative,negative
ENST00000677286,0.344,UVSSA,0.00012,tumor,pathway_gene,breast_tnbc,triple-negative,negative,negative,negative
ENST00000651522,1.237,NTHL1,0.026672,tumor,pathway_gene,breast_tnbc,triple-negative,negative,negative,negative
ENST00000331442,0.429,H1-5,0.007854,tumor,pathway_gene,breast_tnbc,triple-negative,negative,negative,negative
ENST00000368409,0.709,EFNA4,0.01115,tumor,pathway_gene,breast_tnbc,triple-negative,negative,negative,negative
ENST00000497648,1.784,RABGGTB,0.079995,tumor,pathway_gene,breast_tnbc,triple-negative,negative,negative,negative
ENST00000531056,0.979,UBXN1,0.047557,tumor,pathway_gene,breast_tnbc,triple-negative,negative,negative,negative
ENST00000485591,1.414,COL6A2,0.062314,tumor,pathway_gene,breast_tnbc,triple-negative,negative,negative,negative
ENST00000648328,1.368,GTF2H5,0.040416,tumor,pathway_gene,breast_tnbc,triple-negative,negative,negative,negative
ENST00000352618,1.003,RAD51AP1,0.080298,tumor,pathway_gene,breast_tnbc,triple-negative,negative,negative,negative
ENST00000369642,1.046,RHOC,0.084797,tumor,pathway_gene,breast_tnbc,triple-negative,negative,negative,negative
ENST00000527304,0.946,MAP3K11,0.068379,tumor,pathway_gene,breast_tnbc,triple-negative,negative,negative,negative
ENST00000513107,1.24,FGF10,0.093014,tumor,pathway_gene,breast_tnbc,triple-negative,negative,negative,negative
ENST00000336735,1.58,SEL1L,0.035472,tumor,pathway_gene,breast_tnbc,triple-negative,negative,negative,negative
ENST00000538410,1.622,COPS7A,0.038592,tumor,pathway_gene,breast_tnbc,triple-negative,negative,negative,negative
ENST00000626700,1.266,ORC5,0.086516,tumor,pathway_gene,breast_tnbc,triple-negative,negative,negative,negative
ENST00000327813,1.207,KREMEN1,0.065529,tumor,pathway_gene,breast_tnbc,triple-negative,negative,negative,negative
ENST00000496518,0.935,USP45,0.09398,tumor,pathway_gene,breast_tnbc,triple-negative,negative,negative,negative
ENST00000372852,1.774,HEYL,0.026021,tumor,pathway_gene,breast_tnbc,triple-negative,negative,negative,negative
ENST00000465362,0.984,COPS8,0.093709,tumor,pathway_gene,breast_tnbc,triple-negative,negative,negative,negative
ENST00000546072,1.038,FGFR1OP2,0.06451,tumor,pathway_gene,breast_tnbc,triple-negative,negative,negative,negative
ENST00000518455,0.572,STC2,0.044367,tumor,pathway_gene,breast_tnbc,triple-negative,negative,negative,negative
ENST00000414428,1.265,GSDME,0.060207,tumor,pathway_gene,breast_tnbc,triple-negative,negative,negative,negative
ENST00000628084,1.706,CDC16,0.050096,tumor,pathway_gene,breast_tnbc,triple-negative,negative,negative,negative
ENST00000468790,0.772,CASP7,0.020154,tumor,pathway_gene,breast_tnbc,triple-negative,negative,negative,negative
ENST00000367600,0.957,QSOX1,0.033212,tumor,pathway_gene,breast_tnbc,triple-negative,negative,negative,negative
ENST00000491588,1.677,MAPK1,0.040528,tumor,pathway_gene,breast_tnbc,triple-negative,negative,negative,negative
ENST00000512334,3.29,DDX41,0.000628,tumor,pathway_gene,breast_tnbc,triple-negative,negative,negative,negative
ENST00000518893,0.489,LY96,0.007092,tumor,pathway_gene,breast_tnbc,triple-negative,negative,negative,negative
ENST00000466844,1.004,BAZ1B,0.014805,tumor,pathway_gene,breast_tnbc,triple-negative,negative,negative,negative
ENST00000512545,0.764,CD14,0.030811,tumor,pathway_gene,breast_tnbc,triple-negative,negative,negative,negative
ENST00000308259,1.619,MSRB3,0.027278,tumor,pathway_gene,breast_tnbc,triple-negative,negative,negative,negative
ENST00000674713,1.84,GNB4,0.060349,tumor,pathway_gene,breast_tnbc,triple-negative,negative,negative,negative
ENST00000421731,1.541,FANCD2,0.024597,tumor,pathway_gene,breast_tnbc,triple-negative,negative,negative,negative
ENST00000506908,0.698,HINT1,0.016023,tumor,pathway_gene,breast_tnbc,triple-negative,negative,negative,negative
ENST00000295731,0.682,IHH,0.036545,tumor,pathway_gene,breast_tnbc,triple-negative,negative,negative,negative
ENST00000369305,1.635,DCLRE1A,0.014126,tumor,pathway_gene,breast_tnbc,triple-negative,negative,negative,negative
ENST00000565863,1.026,MBTPS1,0.084133,tumor,pathway_gene,breast_tnbc,triple-negative,negative,negative,negative
ENST00000487746,1.074,GTF2H4,0.093869,tumor,pathway_gene,breast_tnbc,triple-negative,negative,negative,negative
ENST00000518979,1.162,CARD8,0.089545,tumor,pathway_gene,breast_tnbc,triple-negative,negative,negative,negative
ENST00000380733,0.4,PSIP1,0.006583,tumor,pathway_gene,breast_tnbc,triple-negative,negative,negative,negative
ENST00000459774,0.952,ERBB4,0.055682,tumor,pathway_gene,breast_tnbc,triple-negative,negative,negative,negative
ENST00000409377,0.876,PPP3R1,0.07005,tumor,pathway_gene,breast_tnbc,triple-negative,negative,negative,negative
ENST00000552886,1.237,BID,0.044277,tumor,pathway_gene,breast_tnbc,triple-negative,negative,negative,negative
ENST00000373418,0.73,PHC2,0.017109,tumor,pathway_gene,breast_tnbc,triple-negative,negative,negative,negative
ENST00000313433,0.761,RPA2,0.056062,tumor,pathway_gene,breast_tnbc,triple-negative,negative,negative,negative
ENST00000442468,0.558,F2,0.063869,tumor,pathway_gene,breast_tnbc,triple-negative,negative,negative,negative
ENST00000474413,0.31,EFNA1,0.000962,tumor,pathway_gene,breast_tnbc,triple-negative,negative,negative,negative
ENST00000476031,0.749,FCGR3A,0.044038,tumor,pathway_gene,breast_tnbc,triple-negative,negative,negative,negative
ENST00000590709,0.36,POLRMT,0.001651,tumor,pathway_gene,breast_tnbc,triple-negative,negative,negative,negative
ENST00000267169,1.628,DIABLO,0.065547,tumor,pathway_gene,breast_tnbc,triple-negative,negative,negative,negative
ENST00000596217,2.56,NUP62,0.009635,tumor,pathway_gene,breast_tnbc,triple-negative,negative,negative,negative
ENST00000647979,0.875,ADAM17,0.014353,tumor,pathway_gene,breast_tnbc,triple-negative,negative,negative,negative
ENST00000269593,0.541,IGFBP4,0.088909,tumor,pathway_gene,breast_tnbc,triple-negative,negative,negative,negative
ENST00000426612,0.583,FGFR4,0.015292,tumor,pathway_gene,breast_tnbc,triple-negative,negative,negative,negative
ENST00000689300,0.684,SHOC2,0.043824,tumor,pathway_gene,breast_tnbc,triple-negative,negative,negative,negative
ENST00000233699,1.71,POLE4,0.024722,tumor,pathway_gene,breast_tnbc,triple-negative,negative,negative,negative
ENST00000707080,1.524,HDAC9,0.094563,tumor,pathway_gene,breast_tnbc,triple-negative,negative,negative,negative
ENST00000478546,0.683,FGF9,0.083575,tumor,pathway_gene,breast_tnbc,triple-negative,negative,negative,negative
ENST00000561162,1.872,DAPK2,0.073733,tumor,pathway_gene,breast_tnbc,triple-negative,negative,negative,negative
ENST00000470367,1.377,ADCY5,0.058987,tumor,pathway_gene,breast_tnbc,triple-negative,negative,negative,negative
ENST00000538636,0.683,RHNO1,0.050801,tumor,pathway_gene,breast_tnbc,triple-negative,negative,negative,negative
ENST00000567130,2.486,TERF2,0.001212,tumor,pathway_gene,breast_tnbc,triple-negative,negative,negative,negative
ENST00000557118,1.819,SERPINA1,0.08396,tumor,pathway_gene,breast_tnbc,triple-negative,negative,negative,negative
ENST00000451791,1.43,PENK,0.0516,tumor,pathway_gene,breast_tnbc,triple-negative,negative,negative,negative
ENST00000704986,0.425,CEP43,0.007805,tumor,pathway_gene,breast_tnbc,triple-negative,negative,negative,negative
ENST00000451137,0.708,CCN1,0.074114,tumor,pathway_gene,breast_tnbc,triple-negative,negative,negative,negative
ENST00000393627,0.705,CD86,0.06426,tumor,pathway_gene,breast_tnbc,triple-negative,negative,negative,negative
ENST00000699842,0.952,AGO1,0.016661,tumor,pathway_gene,breast_tnbc,triple-negative,negative,negative,negative
ENST00000511332,1.316,COL6A6,0.088673,tumor,pathway_gene,breast_tnbc,triple-negative,negative,negative,negative
ENST00000485511,0.697,PPP2R5D,0.020627,tumor,pathway_gene,breast_tnbc,triple-negative,negative,negative,negative
ENST00000533619,0.895,FGFR1,0.03983,tumor,pathway_gene,breast_tnbc,triple-negative,negative,negative,negative
ENST00000615732,0.565,COL4A1,0.086947,tumor,pathway_gene,breast_tnbc,triple-negative,negative,negative,negative
ENST00000530884,1.038,CTBP2,0.042975,tumor,pathway_gene,breast_tnbc,triple-negative,negative,negative,negative
ENST00000469849,1.01,INO80B,0.030482,tumor,pathway_gene,breast_tnbc,triple-negative,negative,negative,negative
ENST00000570937,1.142,NUP88,0.082274,tumor,pathway_gene,breast_tnbc,triple-negative,negative,negative,negative
ENST00000409682,1.283,PSMD14,0.061682,tumor,pathway_gene,breast_tnbc,triple-negative,negative,negative,negative
ENST00000443232,1.177,WDCP,0.079822,tumor,pathway_gene,breast_tnbc,triple-negative,negative,negative,negative
ENST00000552206,1.516,MCRS1,0.041306,tumor,pathway_gene,breast_tnbc,triple-negative,negative,negative,negative
ENST00000478908,0.539,PRDX2,0.054009,tumor,pathway_gene,breast_tnbc,triple-negative,negative,negative,negative
ENST00000522561,0.691,TCF7,0.043645,tumor,pathway_gene,breast_tnbc,triple-negative,negative,negative,negative
ENST00000436842,1.429,RNASEH1,0.018242,tumor,pathway_gene,breast_tnbc,triple-negative,negative,negative,negative
ENST00000636777,0.944,FANCC,0.011084,tumor,pathway_gene,breast_tnbc,triple-negative,negative,negative,negative
ENST00000511670,1.192,MEPE,0.036475,tumor,pathway_gene,breast_tnbc,triple-negative,negative,negative,negative
ENST00000528769,0.879,PRSS23,0.069949,tumor,pathway_gene,breast_tnbc,triple-negative,negative,negative,negative
ENST00000529679,1.794,PSMD13,0.061042,tumor,pathway_gene,breast_tnbc,triple-negative,negative,negative,negative
ENST00000473435,1.745,PIK3CB,0.078239,tumor,pathway_gene,breast_tnbc,triple-negative,negative,negative,negative
ENST00000343380,1.163,E2F1,0.055897,tumor,pathway_gene,breast_tnbc,triple-negative,negative,negative,negative
ENST00000377276,2.147,PRKACG,0.00876,tumor,pathway_gene,breast_tnbc,triple-negative,negative,negative,negative
ENST00000565117,1.085,POLR3E,0.03351,tumor,pathway_gene,breast_tnbc,triple-negative,negative,negative,negative
ENST00000465027,1.303,COPS6,0.086199,tumor,pathway_gene,breast_tnbc,triple-negative,negative,negative,negative
ENST00000537124,0.926,QKI,0.028009,tumor,pathway_gene,breast_tnbc,triple-negative,negative,negative,negative
ENST00000537927,0.468,PPFIBP1,0.006628,tumor,pathway_gene,breast_tnbc,triple-negative,negative,negative,negative
ENST00000333151,1.585,H2AC14,0.080111,tumor,pathway_gene,breast_tnbc,triple-negative,negative,negative,negative
ENST00000476448,0.883,MCM3,0.0943,tumor,pathway_gene,breast_tnbc,triple-negative,negative,negative,negative
ENST00000523583,0.887,MAPK9,0.060652,tumor,pathway_gene,breast_tnbc,triple-negative,negative,negative,negative
ENST00000489500,2.841,TNRC6B,0.000363,tumor,pathway_gene,breast_tnbc,triple-negative,negative,negative,negative
ENST00000505064,1.343,CCND3,0.068054,tumor,pathway_gene,breast_tnbc,triple-negative,negative,negative,negative
ENST00000243903,1.391,ACTR5,0.094751,tumor,pathway_gene,breast_tnbc,triple-negative,negative,negative,negative
ENST00000699360,0.404,TYK2,0.007644,tumor,pathway_gene,breast_tnbc,triple-negative,negative,negative,negative
ENST00000396578,0.478,COL4A3,0.009977,tumor,pathway_gene,breast_tnbc,triple-negative,negative,negative,negative
ENST00000505345,0.803,POLR3G,0.047715,tumor,pathway_gene,breast_tnbc,triple-negative,negative,negative,negative
ENST00000353855,1.063,DNMT3B,0.056301,tumor,pathway_gene,breast_tnbc,triple-negative,negative,negative,negative
ENST00000579520,1.36,CENPX,0.058062,tumor,pathway_gene,breast_tnbc,triple-negative,negative,negative,negative
ENST00000345739,1.179,ATF2,0.044373,tumor,pathway_gene,breast_tnbc,triple-negative,negative,negative,negative
ENST00000494949,1.467,MRAS,0.038575,tumor,pathway_gene,breast_tnbc,triple-negative,negative,negative,negative
ENST00000467507,1.014,PRKACB,0.081207,tumor,pathway_gene,breast_tnbc,triple-negative,negative,negative,negative
ENST00000445503,1.365,MSH6,0.090152,tumor,pathway_gene,breast_tnbc,triple-negative,negative,negative,negative
ENST00000678495,3.29,OTUD7A,0.000438,tumor,pathway_gene,breast_tnbc,triple-negative,negative,negative,negative
ENST00000417344,1.59,CCNT1,0.033885,tumor,pathway_gene,breast_tnbc,triple-negative,negative,negative,negative
ENST00000337566,0.304,POLR3H,0.000821,tumor,pathway_gene,breast_tnbc,triple-negative,negative,negative,negative
ENST00000621333,2.814,BCL6,0.006543,tumor,pathway_gene,breast_tnbc,triple-negative,negative,negative,negative
ENST00000562851,1.758,MLST8,0.072912,tumor,pathway_gene,breast_tnbc,triple-negative,negative,negative,negative
ENST00000506806,0.952,AGGF1,0.069777,tumor,pathway_gene,breast_tnbc,triple-negative,negative,negative,negative
ENST00000475254,0.842,TFDP1,0.047894,tumor,pathway_gene,breast_tnbc,triple-negative,negative,negative,negative
ENST00000693012,0.414,SRC,0.007999,tumor,pathway_gene,breast_tnbc,triple-negative,negative,negative,negative
ENST00000395787,1.342,APIP,0.047909,tumor,pathway_gene,breast_tnbc,triple-negative,negative,negative,negative
ENST00000421515,1.04,NKIRAS1,0.080501,tumor,pathway_gene,breast_tnbc,triple-negative,negative,negative,negative
ENST00000514548,0.676,TMED7-TICAM2,0.079319,tumor,pathway_gene,breast_tnbc,triple-negative,negative,negative,negative
ENST00000459727,1.087,HDAC3,0.076551,tumor,pathway_gene,breast_tnbc,triple-negative,negative,negative,negative
ENST00000563899,0.725,SPTBN5,0.052658,tumor,pathway_gene,breast_tnbc,triple-negative,negative,negative,negative
ENST00000680165,4.0,CUL4B,0.000616,tumor,pathway_gene,breast_tnbc,triple-negative,negative,negative,negative
ENST00000695691,1.185,C3,0.025946,tumor,pathway_gene,breast_tnbc,triple-negative,negative,negative,negative
ENST00000563048,1.046,USP10,0.064719,tumor,pathway_gene,breast_tnbc,triple-negative,negative,negative,negative
ENST00000487853,1.214,ORC2,0.060832,tumor,pathway_gene,breast_tnbc,triple-negative,negative,negative,negative
ENST00000698329,1.019,TNFAIP3,0.025872,tumor,pathway_gene,breast_tnbc,triple-negative,negative,negative,negative
ENST00000399644,1.19,CACNA1C,0.084061,tumor,pathway_gene,breast_tnbc,triple-negative,negative,negative,negative
ENST00000706586,1.18,PRKAR2B,0.069415,tumor,pathway_gene,breast_tnbc,triple-negative,negative,negative,negative
ENST00000343677,1.078,H1-2,0.093132,tumor,pathway_gene,breast_tnbc,triple-negative,negative,negative,negative
ENST00000688803,1.287,RAF1,0.092134,tumor,pathway_gene,breast_tnbc,triple-negative,negative,negative,negative
ENST00000675526,0.3,MECP2,0.0007,tumor,pathway_gene,breast_tnbc,triple-negative,negative,negative,negative
ENST00000578339,0.941,ZNF830,0.01884,tumor,pathway_gene,breast_tnbc,triple-negative,negative,negative,negative
ENST00000699563,0.825,UNG,0.049175,tumor,pathway_gene,breast_tnbc,triple-negative,negative,negative,negative
ENST00000560130,1.36,HSP90AA1,0.035425,tumor,pathway_gene,breast_tnbc,triple-negative,negative,negative,negative
ENST00000468496,1.173,STAT5B,0.013146,tumor,pathway_gene,breast_tnbc,triple-negative,negative,negative,negative
ENST00000452077,1.311,AKT2,0.028009,tumor,pathway_gene,breast_tnbc,triple-negative,negative,negative,negative
ENST00000479029,0.718,PHF1,0.047111,tumor,pathway_gene,breast_tnbc,triple-negative,negative,negative,negative
ENST00000460345,0.653,TNC,0.054698,tumor,pathway_gene,breast_tnbc,triple-negative,negative,negative,negative
ENST00000542018,0.809,RAP1B,0.012826,tumor,pathway_gene,breast_tnbc,triple-negative,negative,negative,negative
ENST00000374515,2.504,TXN,0.004058,tumor,pathway_gene,breast_tnbc,triple-negative,negative,negative,negative
ENST00000294117,0.775,GNG3,0.039421,tumor,pathway_gene,breast_tnbc,triple-negative,negative,negative,negative
ENST00000477487,1.826,TNRC6A,0.07525,tumor,pathway_gene,breast_tnbc,triple-negative,negative,negative,negative
ENST00000645074,0.777,CNKSR2,0.050365,tumor,pathway_gene,breast_tnbc,triple-negative,negative,negative,negative
ENST00000467044,0.387,NUP188,0.008726,tumor,pathway_gene,breast_tnbc,triple-negative,negative,negative,negative
ENST00000650322,0.811,COL4A2,0.05836,tumor,pathway_gene,breast_tnbc,triple-negative,negative,negative,negative
ENST00000617998,1.538,POLR2A,0.068802,tumor,pathway_gene,breast_tnbc,triple-negative,negative,negative,negative
ENST00000520056,0.815,PPP2CB,0.060703,tumor,pathway_gene,breast_tnbc,triple-negative,negative,negative,negative
ENST00000677695,0.683,KPNA2,0.052266,tumor,pathway_gene,breast_tnbc,triple-negative,negative,negative,negative
ENST00000850583,0.81,H2AC8,0.023234,tumor,pathway_gene,breast_tnbc,triple-negative,negative,negative,negative
ENST00000470250,0.747,BIRC6,0.090973,tumor,pathway_gene,breast_tnbc,triple-negative,negative,negative,negative
ENST00000492350,1.945,PARG,0.063749,tumor,pathway_gene,breast_tnbc,triple-negative,negative,negative,negative
ENST00000554173,1.141,SERPINA10,0.063708,tumor,pathway_gene,breast_tnbc,triple-negative,negative,negative,negative
ENST00000651593,0.58,MGMT,0.026835,tumor,pathway_gene,breast_tnbc,triple-negative,negative,negative,negative
ENST00000394532,0.81,BAD,0.070632,tumor,pathway_gene,breast_tnbc,triple-negative,negative,negative,negative
ENST00000583915,1.247,AURKB,0.088647,tumor,pathway_gene,breast_tnbc,triple-negative,negative,negative,negative
ENST00000373644,2.167,TET1,0.007799,tumor,pathway_gene,breast_tnbc,triple-negative,negative,negative,negative
ENST00000515500,1.006,LEF1,0.088539,tumor,pathway_gene,breast_tnbc,triple-negative,negative,negative,negative
ENST00000379629,0.458,BABAM2,0.008803,tumor,pathway_gene,breast_tnbc,triple-negative,negative,negative,negative
ENST00000296677,1.61,F2RL1,0.089262,tumor,drug_target,breast_tnbc,triple-negative,negative,negative,negative
ENST00000432425,2.073,CLK1,0.004036,tumor,drug_target,breast_tnbc,triple-negative,negative,negative,negative
ENST00000222286,2.743,GAPDHS,0.009707,tumor,drug_target,breast_tnbc,triple-negative,negative,negative,negative
ENST00000589873,2.147,MALT1,0.003113,tumor,drug_target,breast_tnbc,triple-negative,negative,negative,negative
ENST00000467366,1.913,PTPRE,0.077392,tumor,drug_target,breast_tnbc,triple-negative,negative,negative,negative
ENST00000703770,1.942,GRIA2,0.017111,tumor,drug_target,breast_tnbc,triple-negative,negative,negative,negative
ENST00000504416,2.559,SLC12A2,0.008869,tumor,drug_target,breast_tnbc,triple-negative,negative,negative,negative
ENST00000703498,1.772,FIP1L1,0.061921,tumor,drug_target,breast_tnbc,triple-negative,negative,negative,negative
ENST00000512883,2.175,ARHGEF28,0.00695,tumor,drug_target,breast_tnbc,triple-negative,negative,negative,negative
ENST00000636319,2.579,PLCB1,0.006596,tumor,drug_target,breast_tnbc,triple-negative,negative,negative,negative
ENST00000358883,1.486,LPAR1,0.053439,tumor,drug_target,breast_tnbc,triple-negative,negative,negative,negative
ENST00000250971,2.428,INS,0.007686,tumor,drug_target,breast_tnbc,triple-negative,negative,negative,negative
ENST00000614565,1.968,CDH4,0.050305,tumor,drug_target,breast_tnbc,triple-negative,negative,negative,negative
ENST00000504894,1.93,ADH4,0.047081,tumor,drug_target,breast_tnbc,triple-negative,negative,negative,negative
ENST00000551444,2.657,RDH5,0.007253,tumor,drug_target,breast_tnbc,triple-negative,negative,negative,negative
ENST00000414099,1.616,SCN5A,0.084801,tumor,drug_target,breast_tnbc,triple-negative,negative,negative,negative
ENST00000660676,3.025,NNT,0.000117,tumor,drug_target,breast_tnbc,triple-negative,negative,negative,negative
ENST00000376251,2.104,CACNA1F,0.009812,tumor,drug_target,breast_tnbc,triple-negative,negative,negative,negative
ENST00000536262,2.481,SLC5A8,0.00421,tumor,drug_target,breast_tnbc,triple-negative,negative,negative,negative
ENST00000423526,1.62,SIRT2,0.028448,tumor,drug_target,breast_tnbc,triple-negative,negative,negative,negative
ENST00000545369,3.125,IFNGR2,0.000683,tumor,drug_target,breast_tnbc,triple-negative,negative,negative,negative
ENST00000520596,3.195,TRPA1,0.000791,tumor,drug_target,breast_tnbc,triple-negative,negative,negative,negative
ENST00000363214,2.307,SNORD68,0.003097,tumor,drug_target,breast_tnbc,triple-negative,negative,negative,negative
ENST00000512467,3.361,KCTD16,0.000413,tumor,drug_target,breast_tnbc,triple-negative,negative,negative,negative
ENST00000667927,3.322,TERT,0.00064,tumor,drug_target,breast_tnbc,triple-negative,negative,negative,negative
ENST00000483038,2.042,PLG,0.009454,tumor,drug_target,breast_tnbc,triple-negative,negative,negative,negative
ENST00000478587,2.701,ATP1A2,0.006719,tumor,drug_target,breast_tnbc,triple-negative,negative,negative,negative
ENST00000591858,2.838,FOSB,0.000576,tumor,drug_target,breast_tnbc,triple-negative,negative,negative,negative
ENST00000237858,1.931,GLRX,0.03961,tumor,drug_target,breast_tnbc,triple-negative,negative,negative,negative
ENST00000220876,3.317,STMN2,0.000818,tumor,drug_target,breast_tnbc,triple-negative,negative,negative,negative
ENST00000518287,3.038,NCOA2,0.000487,tumor,drug_target,breast_tnbc,triple-negative,negative,negative,negative
ENST00000396183,3.278,CTNNB1,0.000394,tumor,drug_target,breast_tnbc,triple-negative,negative,negative,negative
ENST00000291526,2.165,TFF2,0.005212,tumor,drug_target,breast_tnbc,triple-negative,negative,negative,negative
ENST00000377103,3.009,THBD,0.000644,tumor,drug_target,breast_tnbc,triple-negative,negative,negative,negative
ENST00000551831,1.886,ATF1,0.092158,tumor,drug_target,breast_tnbc,triple-negative,negative,negative,negative
ENST00000250416,3.434,PARP2,0.000788,tumor,drug_target,breast_tnbc,triple-negative,negative,negative,negative
ENST00000305123,2.337,IRS1,0.001142,tumor,drug_target,breast_tnbc,triple-negative,negative,negative,negative
ENST00000361739,1.608,MT-CO2,0.097967,tumor,drug_target,breast_tnbc,triple-negative,negative,negative,negative
ENST00000321337,2.864,SENP3,0.000431,tumor,drug_target,breast_tnbc,triple-negative,negative,negative,negative
ENST00000651954,2.244,PRKAG2,0.00168,tumor,drug_target,breast_tnbc,triple-negative,negative,negative,negative
ENST00000574195,3.143,UMOD,0.000442,tumor,drug_target,breast_tnbc,triple-negative,negative,negative,negative
ENST00000472616,1.516,KDM7A,0.01121,tumor,drug_target,breast_tnbc,triple-negative,negative,negative,negative
ENST00000559823,2.796,APH1B,0.002477,tumor,drug_target,breast_tnbc,triple-negative,negative,negative,negative
ENST00000492288,1.364,CYBB,0.077101,tumor,drug_target,breast_tnbc,triple-negative,negative,negative,negative
ENST00000460643,1.292,CYP24A1,0.082464,tumor,drug_target,breast_tnbc,triple-negative,negative,negative,negative
ENST00000466174,3.386,PRDX2,0.000168,tumor,drug_target,breast_tnbc,triple-negative,negative,negative,negative
ENST00000523067,3.224,PTK2,0.000786,tumor,drug_target,breast_tnbc,triple-negative,negative,negative,negative
ENST00000511664,1.905,CAMK2D,0.028306,tumor,drug_target,breast_tnbc,triple-negative,negative,negative,negative
ENST00000547050,2.246,ATP2A2,0.00344,tumor,drug_target,breast_tnbc,triple-negative,negative,negative,negative
ENST00000368555,3.314,CALY,6.7e-05,tumor,drug_target,breast_tnbc,triple-negative,negative,negative,negative
ENST00000598811,1.501,PGLS,0.072836,tumor,drug_target,breast_tnbc,triple-negative,negative,negative,negative
ENST00000314666,3.361,PFAS,0.000982,tumor,drug_target,breast_tnbc,triple-negative,negative,negative,negative
ENST00000231454,2.373,IL5,0.003003,tumor,drug_target,breast_tnbc,triple-negative,negative,negative,negative
ENST00000395384,1.608,QPRT,0.019502,tumor,drug_target,breast_tnbc,triple-negative,negative,negative,negative
ENST00000496984,2.589,ABCB6,0.007243,tumor,drug_target,breast_tnbc,triple-negative,negative,negative,negative
ENST00000472190,1.864,KCNK1,0.062374,tumor,drug_target,breast_tnbc,triple-negative,negative,negative,negative
ENST00000573657,1.207,ELP5,0.032486,tumor,drug_target,breast_tnbc,triple-negative,negative,negative,negative
ENST00000466651,2.811,PRKCZ,0.008067,tumor,drug_target,breast_tnbc,triple-negative,negative,negative,negative
ENST00000488585,1.652,APLF,0.07158,tumor,drug_target,breast_tnbc,triple-negative,negative,negative,negative
ENST00000335288,1.354,ATP4B,0.093088,tumor,drug_target,breast_tnbc,triple-negative,negative,negative,negative
ENST00000482272,2.48,CTDSP1,0.006744,tumor,drug_target,breast_tnbc,triple-negative,negative,negative,negative
ENST00000489638,2.632,LTA,0.002766,tumor,drug_target,breast_tnbc,triple-negative,negative,negative,negative
ENST00000474212,2.395,CALCRL,0.00136,tumor,drug_target,breast_tnbc,triple-negative,negative,negative,negative
ENST00000496331,3.113,SLC23A2,0.000942,tumor,drug_target,breast_tnbc,triple-negative,negative,negative,negative
ENST00000464733,1.356,GSTM4,0.05554,tumor,drug_target,breast_tnbc,triple-negative,negative,negative,negative
ENST00000479836,2.243,PAPPA2,0.00852,tumor,drug_target,breast_tnbc,triple-negative,negative,negative,negative
ENST00000221444,1.256,KCNA7,0.01693,tumor,drug_target,breast_tnbc,triple-negative,negative,negative,negative
ENST00000409751,3.206,RAB1A,0.000969,tumor,drug_target,breast_tnbc,triple-negative,negative,negative,negative
ENST00000294649,2.348,NTNG1,0.009986,tumor,drug_target,breast_tnbc,triple-negative,negative,negative,negative
ENST00000509877,2.697,RPL37,0.007599,tumor,drug_target,breast_tnbc,triple-negative,negative,negative,negative
ENST00000496455,2.929,GMPS,0.000638,tumor,drug_target,breast_tnbc,triple-negative,negative,negative,negative
ENST00000346208,2.521,GATA3,0.002892,tumor,drug_target,breast_tnbc,triple-negative,negative,negative,negative
ENST00000488947,1.284,ESRRG,0.032577,tumor,drug_target,breast_tnbc,triple-negative,negative,negative,negative
ENST00000678136,3.069,FKBP1A,0.00097,tumor,drug_target,breast_tnbc,triple-negative,negative,negative,negative
ENST00000713951,3.403,SLC1A5,8.6e-05,tumor,drug_target,breast_tnbc,triple-negative,negative,negative,negative
ENST00000438270,2.377,CYB5R3,0.008308,tumor,drug_target,breast_tnbc,triple-negative,negative,negative,negative
ENST00000370862,1.624,HCRTR2,0.088891,tumor,drug_target,breast_tnbc,triple-negative,negative,negative,negative
ENST00000681813,2.181,MTR,0.008179,tumor,drug_target,breast_tnbc,triple-negative,negative,negative,negative
ENST00000494811,1.767,PARP14,0.059336,tumor,drug_target,breast_tnbc,triple-negative,negative,negative,negative
ENST00000443553,2.976,FGG,0.000689,tumor,drug_target,breast_tnbc,triple-negative,negative,negative,negative
ENST00000514100,1.541,EPHA6,0.020163,tumor,drug_target,breast_tnbc,triple-negative,negative,negative,negative
ENST00000389204,3.166,ASPH,0.00011,tumor,drug_target,breast_tnbc,triple-negative,negative,negative,negative
ENST00000399821,1.397,MC2R,0.028062,tumor,drug_target,breast_tnbc,triple-negative,negative,negative,negative
ENST00000409605,2.62,XIRP2,0.005942,tumor,drug_target,breast_tnbc,triple-negative,negative,negative,negative
ENST00000533874,2.838,DPYS,0.000276,tumor,drug_target,breast_tnbc,triple-negative,negative,negative,negative
ENST00000485653,3.176,HNMT,0.000244,tumor,drug_target,breast_tnbc,triple-negative,negative,negative,negative
ENST00000373450,1.859,UGT1A8,0.028167,tumor,drug_target,breast_tnbc,triple-negative,negative,negative,negative
ENST00000695727,3.399,CD40LG,0.000569,tumor,drug_target,breast_tnbc,triple-negative,negative,negative,negative
ENST00000461426,1.35,SIGMAR1,0.047332,tumor,drug_target,breast_tnbc,triple-negative,negative,negative,negative
ENST00000398165,1.423,CBS,0.042213,tumor,drug_target,breast_tnbc,triple-negative,negative,negative,negative
ENST00000390288,3.227,GLS2,0.000157,tumor,drug_target,breast_tnbc,triple-negative,negative,negative,negative
ENST00000323084,3.404,TSPEAR,0.000534,tumor,drug_target,breast_tnbc,triple-negative,negative,negative,negative
ENST00000367021,2.007,IRF6,0.002222,tumor,drug_target,breast_tnbc,triple-negative,negative,negative,negative
ENST00000578689,1.504,GJD3,0.060017,tumor,drug_target,breast_tnbc,triple-negative,negative,negative,negative
ENST00000495013,1.224,MED4,0.016575,tumor,drug_target,breast_tnbc,triple-negative,negative,negative,negative
ENST00000611156,3.198,ABO,0.000765,tumor,drug_target,breast_tnbc,triple-negative,negative,negative,negative
ENST00000435061,2.319,SREBF2,0.005757,tumor,drug_target,breast_tnbc,triple-negative,negative,negative,negative
ENST00000373445,3.117,UGT1A10,0.000239,tumor,drug_target,breast_tnbc,triple-negative,negative,negative,negative
ENST00000647020,1.905,HBB,0.023134,tumor,drug_target,breast_tnbc,triple-negative,negative,negative,negative
ENST00000382592,3.222,LATS2,0.000447,tumor,drug_target,breast_tnbc,triple-negative,negative,negative,negative
ENST00000562809,1.409,TUBB8,0.091706,tumor,drug_target,breast_tnbc,triple-negative,negative,negative,negative
ENST00000539261,3.368,MGP,0.000133,tumor,drug_target,breast_tnbc,triple-negative,negative,negative,negative
ENST00000367797,3.24,F5,0.000725,tumor,drug_target,breast_tnbc,triple-negative,negative,negative,negative
ENST00000369947,1.761,HTR1B,0.030817,tumor,drug_target,breast_tnbc,triple-negative,negative,negative,negative
ENST00000402301,3.244,UBE2I,0.000975,tumor,drug_target,breast_tnbc,triple-negative,negative,negative,negative
ENST00000696421,3.068,G6PD,0.00082,tumor,drug_target,breast_tnbc,triple-negative,negative,negative,negative
ENST00000296642,2.557,PGGT1B,0.009462,tumor,drug_target,breast_tnbc,triple-negative,negative,negative,negative
ENST00000281428,2.252,FLI1,0.009557,tumor,drug_target,breast_tnbc,triple-negative,negative,negative,negative
ENST00000630240,2.565,CHRNA4,0.007026,tumor,drug_target,breast_tnbc,triple-negative,negative,negative,negative
ENST00000672937,2.717,AMD1,0.001242,tumor,drug_target,breast_tnbc,triple-negative,negative,negative,negative
ENST00000420436,1.234,PRODH,0.062051,tumor,drug_target,breast_tnbc,triple-negative,negative,negative,negative
ENST00000699835,2.861,ODC1,0.000268,tumor,drug_target,breast_tnbc,triple-negative,negative,negative,negative
ENST00000518632,1.496,TRHR,0.025682,tumor,drug_target,breast_tnbc,triple-negative,negative,negative,negative
ENST00000471645,3.269,SMYD2,0.000873,tumor,drug_target,breast_tnbc,triple-negative,negative,negative,negative
ENST00000494577,3.186,MICB,0.000274,tumor,drug_target,breast_tnbc,triple-negative,negative,negative,negative
ENST00000649158,3.482,CA5A,0.000647,tumor,drug_target,breast_tnbc,triple-negative,negative,negative,negative
ENST00000671940,2.842,SCN1A,8.4e-05,tumor,drug_target,breast_tnbc,triple-negative,negative,negative,negative
ENST00000448983,3.454,ASIC2,0.000297,tumor,drug_target,breast_tnbc,triple-negative,negative,negative,negative
ENST00000284288,1.557,PANX3,0.097886,tumor,drug_target,breast_tnbc,triple-negative,negative,negative,negative
ENST00000507350,3.319,RPS6KA2,0.000545,tumor,drug_target,breast_tnbc,triple-negative,negative,negative,negative
ENST00000479620,3.182,GRIK3,0.000174,tumor,drug_target,breast_tnbc,triple-negative,negative,negative,negative
ENST00000543071,2.046,WNT5B,0.009699,tumor,drug_target,breast_tnbc,triple-negative,negative,negative,negative
ENST00000567897,3.162,PLK1,0.000179,tumor,drug_target,breast_tnbc,triple-negative,negative,negative,negative
ENST00000470051,1.543,PCK1,0.020038,tumor,drug_target,breast_tnbc,triple-negative,negative,negative,negative
ENST00000302797,3.138,MRGPRX1,0.000328,tumor,drug_target,breast_tnbc,triple-negative,negative,negative,negative
ENST00000580072,1.457,SMURF2,0.052198,tumor,drug_target,breast_tnbc,triple-negative,negative,negative,negative
ENST00000476245,1.603,ALDH1L1,0.02779,tumor,drug_target,breast_tnbc,triple-negative,negative,negative,negative
ENST00000273610,1.511,UCN2,0.065258,tumor,drug_target,breast_tnbc,triple-negative,negative,negative,negative
ENST00000371481,2.614,FFAR4,0.009883,tumor,drug_target,breast_tnbc,triple-negative,negative,negative,negative
ENST00000256594,3.205,GSTM3,0.000781,tumor,drug_target,breast_tnbc,triple-negative,negative,negative,negative
ENST00000309879,3.335,ADCY5,0.000144,tumor,drug_target,breast_tnbc,triple-negative,negative,negative,negative
ENST00000576683,1.553,ABCC6,0.091276,tumor,drug_target,breast_tnbc,triple-negative,negative,negative,negative
ENST00000599579,1.641,EGLN2,0.076893,tumor,drug_target,breast_tnbc,triple-negative,negative,negative,negative
ENST00000373986,1.498,ASTN2,0.096551,tumor,drug_target,breast_tnbc,triple-negative,negative,negative,negative
ENST00000575268,2.749,TNK1,0.006258,tumor,drug_target,breast_tnbc,triple-negative,negative,negative,negative
ENST00000274093,2.535,GLRA3,0.005155,tumor,drug_target,breast_tnbc,triple-negative,negative,negative,negative
ENST00000482211,1.721,HBEGF,0.056808,tumor,drug_target,breast_tnbc,triple-negative,negative,negative,negative
ENST00000294117,1.281,GNG3,0.025396,tumor,drug_target,breast_tnbc,triple-negative,negative,negative,negative
ENST00000533150,3.219,SULT1A2,0.000573,tumor,drug_target,breast_tnbc,triple-negative,negative,negative,negative
ENST00000370756,2.059,PTGFR,0.002486,tumor,drug_target,breast_tnbc,triple-negative,negative,negative,negative
ENST00000406768,3.097,PSEN1,0.000948,tumor,drug_target,breast_tnbc,triple-negative,negative,negative,negative
ENST00000442656,2.613,PRC1,0.002982,tumor,drug_target,breast_tnbc,triple-negative,negative,negative,negative
ENST00000471867,1.229,ESD,0.021974,tumor,drug_target,breast_tnbc,triple-negative,negative,negative,negative
ENST00000484936,1.578,MGAT4A,0.030159,tumor,drug_target,breast_tnbc,triple-negative,negative,negative,negative
ENST00000531476,1.917,RGS5,0.07544,tumor,drug_target,breast_tnbc,triple-negative,negative,negative,negative
ENST00000622443,2.046,GATA4,0.001689,tumor,drug_target,breast_tnbc,triple-negative,negative,negative,negative
ENST00000466030,1.514,RAPGEF4,0.054275,tumor,drug_target,breast_tnbc,triple-negative,negative,negative,negative
ENST00000577221,2.504,RALBP1,0.00855,tumor,drug_target,breast_tnbc,triple-negative,negative,negative,negative
ENST00000366548,2.319,EXO1,0.001379,tumor,drug_target,breast_tnbc,triple-negative,negative,negative,negative
ENST00000399199,2.85,PPP1R18,0.000193,tumor,drug_target,breast_tnbc,triple-negative,negative,negative,negative
ENST00000023064,3.273,SLC7A9,0.000267,tumor,drug_target,breast_tnbc,triple-negative,negative,negative,negative
ENST00000275198,2.687,TAAR6,0.001873,tumor,drug_target,breast_tnbc,triple-negative,negative,negative,negative
ENST00000673996,1.601,MICA,0.098146,tumor,drug_target,breast_tnbc,triple-negative,negative,negative,negative
ENST00000477232,2.646,PSMD14,0.005248,tumor,drug_target,breast_tnbc,triple-negative,negative,negative,negative
ENST00000680066,2.823,MAPK6,0.009415,tumor,drug_target,breast_tnbc,triple-negative,negative,negative,negative
ENST00000440375,2.084,PDGFB,0.007964,tumor,drug_target,breast_tnbc,triple-negative,negative,negative,negative
ENST00000369755,3.046,SLK,0.000916,tumor,drug_target,breast_tnbc,triple-negative,negative,negative,negative
ENST00000515238,1.978,CKMT2,0.056639,tumor,drug_target,breast_tnbc,triple-negative,negative,negative,negative
ENST00000485184,2.204,REG1A,0.006731,tumor,drug_target,breast_tnbc,triple-negative,negative,negative,negative
ENST00000554752,3.23,MAP3K9,0.00071,tumor,drug_target,breast_tnbc,triple-negative,negative,negative,negative
ENST00000521232,1.999,SQLE,0.026218,tumor,drug_target,breast_tnbc,triple-negative,negative,negative,negative
ENST00000491263,1.742,RGS4,0.087618,tumor,drug_target,breast_tnbc,triple-negative,negative,negative,negative
ENST00000462920,1.267,AZIN2,0.024082,tumor,drug_target,breast_tnbc,triple-negative,negative,negative,negative
ENST00000473703,3.178,DPP7,0.000701,tumor,drug_target,breast_tnbc,triple-negative,negative,negative,negative
ENST00000300900,1.693,CA4,0.034348,tumor,drug_target,breast_tnbc,triple-negative,negative,negative,negative
ENST00000640092,1.407,KANSL1,0.030613,tumor,drug_target,breast_tnbc,triple-negative,negative,negative,negative
ENST00000493254,2.534,CYSLTR1,0.009468,tumor,drug_target,breast_tnbc,triple-negative,negative,negative,negative
ENST00000697160,3.196,IL23R,0.000503,tumor,drug_target,breast_tnbc,triple-negative,negative,negative,negative
ENST00000639495,2.629,KCNC1,0.002832,tumor,drug_target,breast_tnbc,triple-negative,negative,negative,negative
ENST00000457696,3.05,RABGAP1L,0.000258,tumor,drug_target,breast_tnbc,triple-negative,negative,negative,negative
ENST00000713786,2.084,PCSK9,0.002679,tumor,drug_target,breast_tnbc,triple-negative,negative,negative,negative
ENST00000459624,1.517,ENPP1,0.095529,tumor,drug_target,breast_tnbc,triple-negative,negative,negative,negative
ENST00000221307,2.182,CYP4F3,0.002557,tumor,drug_target,breast_tnbc,triple-negative,negative,negative,negative
ENST00000588361,1.822,KDM4B,0.086389,tumor,drug_target,breast_tnbc,triple-negative,negative,negative,negative
ENST00000403987,2.905,LIF,0.000395,tumor,drug_target,breast_tnbc,triple-negative,negative,negative,negative
ENST00000619887,1.904,CDH23,0.077245,tumor,drug_target,breast_tnbc,triple-negative,negative,negative,negative
ENST00000504933,2.981,GRK4,0.000393,tumor,drug_target,breast_tnbc,triple-negative,negative,negative,negative
ENST00000522678,2.938,GPBAR1,0.000931,tumor,drug_target,breast_tnbc,triple-negative,negative,negative,negative
ENST00000374859,2.505,PSMB9,0.008958,tumor,drug_target,breast_tnbc,triple-negative,negative,negative,negative
ENST00000417803,2.248,HES6,0.00398,tumor,drug_target,breast_tnbc,triple-negative,negative,negative,negative
ENST00000409219,1.788,CHRNA1,0.016387,tumor,drug_target,breast_tnbc,triple-negative,negative,negative,negative
ENST00000415030,2.564,SCN4B,0.003121,tumor,drug_target,breast_tnbc,triple-negative,negative,negative,negative
ENST00000397570,2.856,IRF7,0.00011,tumor,drug_target,breast_tnbc,triple-negative,negative,negative,negative
ENST00000558863,2.386,ZEB1,0.002045,tumor,drug_target,breast_tnbc,triple-negative,negative,negative,negative
ENST00000359634,2.581,SLC39A10,0.005133,tumor,drug_target,breast_tnbc,triple-negative,negative,negative,negative
