transcript_id,cancer_fold,gene_symbol,p_value,tissue_type,gene_category,cancer_type,cancer_subtype,her2_status,ki67_status
ENST00000377970,3.0,MYC,0.000764,tumor,oncogene,breast_her2,HER2-positive,positive,high
ENST00000578709,12.618,ERBB2,0.000756,tumor,oncogene,breast_her2,HER2-positive,positive,high
ENST00000485503,6.368,EGFR,0.000245,tumor,oncogene,breast_her2,HER2-positive,positive,high
ENST00000693229,4.821,KRAS,0.000188,tumor,oncogene,breast_her2,HER2-positive,positive,high
ENST00000674534,4.712,PIK3CA,0.000244,tumor,oncogene,breast_her2,HER2-positive,positive,high
ENST00000610370,4.203,AKT1,0.000829,tumor,oncogene,breast_her2,HER2-positive,positive,high
ENST00000542367,3.241,CCND1,0.000854,tumor,oncogene,breast_her2,HER2-positive,positive,high
ENST00000481186,3.326,MDM2,0.00027,tumor,oncogene,breast_her2,HER2-positive,positive,high
ENST00000647434,2.211,BRAF,0.003054,tumor,oncogene,breast_her2,HER2-positive,positive,high
ENST00000369535,1.8,NRAS,0.070324,tumor,oncogene,breast_her2,HER2-positive,positive,high
ENST00000269305,0.403,TP53,0.0084,tumor,tumor_suppressor,breast_her2,HER2-positive,positive,high
ENST00000643064,0.452,RB1,0.006851,tumor,tumor_suppressor,breast_her2,HER2-positive,positive,high
ENST00000700022,0.17,PTEN,0.000693,tumor,tumor_suppressor,breast_her2,HER2-positive,positive,high
ENST00000461221,0.325,BRCA1,0.000342,tumor,tumor_suppressor,breast_her2,HER2-positive,positive,high
ENST00000528762,0.232,BRCA2,0.000286,tumor,tumor_suppressor,breast_her2,HER2-positive,positive,high
ENST00000579122,0.142,CDKN2A,0.000765,tumor,tumor_suppressor,breast_her2,HER2-positive,positive,high
ENST00000244741,0.45,CDKN1A,0.001745,tumor,tumor_suppressor,breast_her2,HER2-positive,positive,high
ENST00000228872,0.565,CDKN1B,0.039397,tumor,tumor_suppressor,breast_her2,HER2-positive,positive,high
ENST00000508376,0.381,APC,0.008483,tumor,tumor_suppressor,breast_her2,HER2-positive,positive,high
ENST00000345392,0.36,VHL,0.006029,tumor,tumor_suppressor,breast_her2,HER2-positive,positive,high
ENST00000452508,0.572,ATM,0.014025,tumor,dna_repair,breast_her2,HER2-positive,positive,high
ENST00000527013,0.515,CHEK1,0.024316,tumor,dna_repair,breast_her2,HER2-positive,positive,high
ENST00000648295,0.506,CHEK2,0.017328,tumor,dna_repair,breast_her2,HER2-positive,positive,high
ENST00000557850,0.58,RAD51,0.03345,tumor,dna_repair,breast_her2,HER2-positive,positive,high
ENST00000677189,0.553,PARP1,0.037574,tumor,dna_repair,breast_her2,HER2-positive,positive,high
ENST00000673673,0.305,MLH1,0.000502,tumor,dna_repair,breast_her2,HER2-positive,positive,high
ENST00000645339,0.383,MSH2,0.007326,tumor,dna_repair,breast_her2,HER2-positive,positive,high
ENST00000543982,0.5,XRCC1,0.06514,tumor,dna_repair,breast_her2,HER2-positive,positive,high
ENST00000641399,0.6586308704781482,ESR1,0.050361,tumor,hormone_receptor,breast_her2,HER2-positive,positive,high
ENST00000263463,0.12358257389644481,PGR,0.00029,tumor,hormone_receptor,breast_her2,HER2-positive,positive,high
ENST00000612452,1.329,AR,0.011103,tumor,hormone_receptor,breast_her2,HER2-positive,positive,high
ENST00000538239,0.622,LRP6,0.043334,tumor,pathway_gene,breast_her2,HER2-positive,positive,high
ENST00000324106,0.869,CD28,0.047427,tumor,pathway_gene,breast_her2,HER2-positive,positive,high
ENST00000482541,1.003,CCNC,0.035591,tumor,pathway_gene,breast_her2,HER2-positive,positive,high
ENST00000269385,0.722,CBX8,0.046719,tumor,pathway_gene,breast_her2,HER2-positive,positive,high
ENST00000428530,0.835,IGFBP3,0.020381,tumor,pathway_gene,breast_her2,HER2-positive,positive,high
ENST00000356509,1.117,GMNN,0.098642,tumor,pathway_gene,breast_her2,HER2-positive,positive,high
ENST00000430350,0.563,PRNP,0.011019,tumor,pathway_gene,breast_her2,HER2-positive,positive,high
ENST00000533420,1.514,MYO18A,0.023388,tumor,pathway_gene,breast_her2,HER2-positive,positive,high
ENST00000591865,1.086,PIAS2,0.015482,tumor,pathway_gene,breast_her2,HER2-positive,positive,high
ENST00000505244,0.57,PLK2,0.063938,tumor,pathway_gene,breast_her2,HER2-positive,positive,high
ENST00000507247,1.827,RNF4,0.076878,tumor,pathway_gene,breast_her2,HER2-positive,positive,high
ENST00000557093,1.504,SERPINA1,0.024843,tumor,pathway_gene,breast_her2,HER2-positive,positive,high
ENST00000493665,2.066,PAPPA2,0.001208,tumor,pathway_gene,breast_her2,HER2-positive,positive,high
ENST00000537449,0.384,GHR,0.00219,tumor,pathway_gene,breast_her2,HER2-positive,positive,high
ENST00000540898,0.823,FOXO3,0.048274,tumor,pathway_gene,breast_her2,HER2-positive,positive,high
ENST00000471970,1.137,CACNA1I,0.023872,tumor,pathway_gene,breast_her2,HER2-positive,positive,high
ENST00000573377,0.74,ITGB3,0.076105,tumor,pathway_gene,breast_her2,HER2-positive,positive,high
ENST00000375120,1.126,OTUD3,0.033352,tumor,pathway_gene,breast_her2,HER2-positive,positive,high
ENST00000496816,1.444,RTEL1,0.074526,tumor,pathway_gene,breast_her2,HER2-positive,positive,high
ENST00000432855,0.786,PSMD2,0.027772,tumor,pathway_gene,breast_her2,HER2-positive,positive,high
ENST00000506811,0.895,CAST,0.071902,tumor,pathway_gene,breast_her2,HER2-positive,positive,high
ENST00000440187,2.921,NCOR2,0.000287,tumor,pathway_gene,breast_her2,HER2-positive,positive,high
ENST00000505615,0.726,VCAN,0.017217,tumor,pathway_gene,breast_her2,HER2-positive,positive,high
ENST00000551969,1.335,SP1,0.090507,tumor,pathway_gene,breast_her2,HER2-positive,positive,high
ENST00000431472,0.512,EXOG,0.011256,tumor,pathway_gene,breast_her2,HER2-positive,positive,high
ENST00000696241,1.552,DNMT3B,0.084631,tumor,pathway_gene,breast_her2,HER2-positive,positive,high
ENST00000464116,1.376,XRCC6,0.026331,tumor,pathway_gene,breast_her2,HER2-positive,positive,high
ENST00000467592,1.117,IGF2BP3,0.093186,tumor,pathway_gene,breast_her2,HER2-positive,positive,high
ENST00000394335,1.052,STK26,0.027492,tumor,pathway_gene,breast_her2,HER2-positive,positive,high
ENST00000305409,1.627,SCG2,0.024396,tumor,pathway_gene,breast_her2,HER2-positive,positive,high
ENST00000535432,1.223,E2F3,0.016052,tumor,pathway_gene,breast_her2,HER2-positive,positive,high
ENST00000232424,2.635,HES1,0.003524,tumor,pathway_gene,breast_her2,HER2-positive,positive,high
ENST00000465682,0.595,KAT2A,0.029542,tumor,pathway_gene,breast_her2,HER2-positive,positive,high
ENST00000478250,0.3,NR4A1,0.000914,tumor,pathway_gene,breast_her2,HER2-positive,positive,high
ENST00000474521,0.781,FGFR3,0.032202,tumor,pathway_gene,breast_her2,HER2-positive,positive,high
ENST00000495880,0.427,DUSP7,0.003352,tumor,pathway_gene,breast_her2,HER2-positive,positive,high
ENST00000371226,1.224,OMA1,0.069401,tumor,pathway_gene,breast_her2,HER2-positive,positive,high
ENST00000683795,2.157,FGFR1,0.00421,tumor,pathway_gene,breast_her2,HER2-positive,positive,high
ENST00000528778,2.046,DUSP8,0.003598,tumor,pathway_gene,breast_her2,HER2-positive,positive,high
ENST00000373644,1.45,TET1,0.082811,tumor,pathway_gene,breast_her2,HER2-positive,positive,high
ENST00000589892,0.882,BIRC5,0.094961,tumor,pathway_gene,breast_her2,HER2-positive,positive,high
ENST00000265087,1.124,STC2,0.062395,tumor,pathway_gene,breast_her2,HER2-positive,positive,high
ENST00000651975,2.837,FGA,0.000373,tumor,pathway_gene,breast_her2,HER2-positive,positive,high
ENST00000525528,0.642,BDNF,0.060175,tumor,pathway_gene,breast_her2,HER2-positive,positive,high
ENST00000457654,1.448,PSMD11,0.026261,tumor,pathway_gene,breast_her2,HER2-positive,positive,high
ENST00000590187,1.226,NCAN,0.050144,tumor,pathway_gene,breast_her2,HER2-positive,positive,high
ENST00000333681,1.859,BCL2,0.080662,tumor,pathway_gene,breast_her2,HER2-positive,positive,high
ENST00000508573,0.408,SMARCA5,0.008777,tumor,pathway_gene,breast_her2,HER2-positive,positive,high
ENST00000555566,1.098,ACIN1,0.058854,tumor,pathway_gene,breast_her2,HER2-positive,positive,high
ENST00000440650,1.649,PIK3CG,0.061405,tumor,pathway_gene,breast_her2,HER2-positive,positive,high
ENST00000639971,2.097,CNTN2,0.007234,tumor,pathway_gene,breast_her2,HER2-positive,positive,high
ENST00000554567,0.859,KTN1,0.043135,tumor,pathway_gene,breast_her2,HER2-positive,positive,high
ENST00000374004,1.286,FGR,0.06794,tumor,pathway_gene,breast_her2,HER2-positive,positive,high
ENST00000340857,1.066,H1-0,0.01139,tumor,pathway_gene,breast_her2,HER2-positive,positive,high
ENST00000261609,0.399,HERC2,0.004132,tumor,pathway_gene,breast_her2,HER2-positive,positive,high
ENST00000367666,1.036,COP1,0.089765,tumor,pathway_gene,breast_her2,HER2-positive,positive,high
ENST00000506128,0.513,UIMC1,0.041889,tumor,pathway_gene,breast_her2,HER2-positive,positive,high
ENST00000579666,2.927,DCC,0.000382,tumor,pathway_gene,breast_her2,HER2-positive,positive,high
ENST00000292599,1.248,MAML1,0.09026,tumor,pathway_gene,breast_her2,HER2-positive,positive,high
ENST00000374694,1.104,FZD8,0.062064,tumor,pathway_gene,breast_her2,HER2-positive,positive,high
ENST00000521282,2.658,BAG4,0.005908,tumor,pathway_gene,breast_her2,HER2-positive,positive,high
ENST00000444342,2.22,TGOLN2,0.002673,tumor,pathway_gene,breast_her2,HER2-positive,positive,high
ENST00000432857,0.65,OGG1,0.035454,tumor,pathway_gene,breast_her2,HER2-positive,positive,high
ENST00000519888,1.285,AP3B1,0.038307,tumor,pathway_gene,breast_her2,HER2-positive,positive,high
ENST00000329882,0.928,CSH1,0.028499,tumor,pathway_gene,breast_her2,HER2-positive,positive,high
ENST00000420909,0.379,HIP1,0.001795,tumor,pathway_gene,breast_her2,HER2-positive,positive,high
ENST00000269593,0.741,IGFBP4,0.054679,tumor,pathway_gene,breast_her2,HER2-positive,positive,high
ENST00000425408,1.64,GGT5,0.039309,tumor,pathway_gene,breast_her2,HER2-positive,positive,high
ENST00000229595,0.641,ASF1A,0.024644,tumor,pathway_gene,breast_her2,HER2-positive,positive,high
ENST00000426712,1.332,COPS6,0.098946,tumor,pathway_gene,breast_her2,HER2-positive,positive,high
ENST00000568449,0.661,EME2,0.089308,tumor,pathway_gene,breast_her2,HER2-positive,positive,high
ENST00000544301,1.956,VIM,0.040075,tumor,pathway_gene,breast_her2,HER2-positive,positive,high
ENST00000543793,1.184,KSR2,0.061065,tumor,pathway_gene,breast_her2,HER2-positive,positive,high
ENST00000446822,4.0,GSDME,0.000964,tumor,pathway_gene,breast_her2,HER2-positive,positive,high
ENST00000622804,0.846,ELOC,0.071026,tumor,pathway_gene,breast_her2,HER2-positive,positive,high
ENST00000459796,1.617,ATIC,0.098347,tumor,pathway_gene,breast_her2,HER2-positive,positive,high
ENST00000576551,0.964,DERL2,0.071519,tumor,pathway_gene,breast_her2,HER2-positive,positive,high
ENST00000468400,0.91,KAT2B,0.03261,tumor,pathway_gene,breast_her2,HER2-positive,positive,high
ENST00000557165,0.616,CCNK,0.044301,tumor,pathway_gene,breast_her2,HER2-positive,positive,high
ENST00000684700,1.306,WFS1,0.068609,tumor,pathway_gene,breast_her2,HER2-positive,positive,high
ENST00000525439,0.982,PDE3B,0.053433,tumor,pathway_gene,breast_her2,HER2-positive,positive,high
ENST00000461271,0.704,RAD51C,0.067539,tumor,pathway_gene,breast_her2,HER2-positive,positive,high
ENST00000475192,1.213,POLR3F,0.053297,tumor,pathway_gene,breast_her2,HER2-positive,positive,high
ENST00000370818,1.918,GPC3,0.037121,tumor,pathway_gene,breast_her2,HER2-positive,positive,high
ENST00000559143,1.269,MFGE8,0.056201,tumor,pathway_gene,breast_her2,HER2-positive,positive,high
ENST00000647518,1.158,CDK13,0.029116,tumor,pathway_gene,breast_her2,HER2-positive,positive,high
ENST00000474081,0.795,PSMB7,0.015662,tumor,pathway_gene,breast_her2,HER2-positive,positive,high
ENST00000471414,0.907,COPS3,0.050961,tumor,pathway_gene,breast_her2,HER2-positive,positive,high
ENST00000705168,0.52,CEP43,0.054061,tumor,pathway_gene,breast_her2,HER2-positive,positive,high
ENST00000699085,4.0,MYD88,0.000889,tumor,pathway_gene,breast_her2,HER2-positive,positive,high
ENST00000527330,1.262,CARS1,0.024909,tumor,pathway_gene,breast_her2,HER2-positive,positive,high
ENST00000622150,0.421,EPHA5,0.008247,tumor,pathway_gene,breast_her2,HER2-positive,positive,high
ENST00000461944,1.255,NGEF,0.080612,tumor,pathway_gene,breast_her2,HER2-positive,positive,high
ENST00000459953,0.585,PORCN,0.077192,tumor,pathway_gene,breast_her2,HER2-positive,positive,high
ENST00000637078,0.776,CACNA1D,0.065494,tumor,pathway_gene,breast_her2,HER2-positive,positive,high
ENST00000378453,0.881,HES5,0.012271,tumor,pathway_gene,breast_her2,HER2-positive,positive,high
ENST00000476792,1.006,LIMK1,0.010059,tumor,pathway_gene,breast_her2,HER2-positive,positive,high
ENST00000700713,0.953,CLTC,0.092569,tumor,pathway_gene,breast_her2,HER2-positive,positive,high
ENST00000521529,0.97,H2AZ2,0.033553,tumor,pathway_gene,breast_her2,HER2-positive,positive,high
ENST00000360807,1.177,RRBP1,0.034878,tumor,pathway_gene,breast_her2,HER2-positive,positive,high
ENST00000649529,0.496,ISG15,0.001849,tumor,pathway_gene,breast_her2,HER2-positive,positive,high
ENST00000438741,0.883,FANCD2,0.044407,tumor,pathway_gene,breast_her2,HER2-positive,positive,high
ENST00000547269,0.494,NUP37,0.00602,tumor,pathway_gene,breast_her2,HER2-positive,positive,high
ENST00000172229,1.022,NGFR,0.047496,tumor,pathway_gene,breast_her2,HER2-positive,positive,high
ENST00000316386,0.834,ICOS,0.034309,tumor,pathway_gene,breast_her2,HER2-positive,positive,high
ENST00000432916,0.766,PRR5,0.069786,tumor,pathway_gene,breast_her2,HER2-positive,positive,high
ENST00000433098,2.075,BCL2L11,0.008442,tumor,pathway_gene,breast_her2,HER2-positive,positive,high
ENST00000380099,0.477,KL,0.00366,tumor,pathway_gene,breast_her2,HER2-positive,positive,high
ENST00000461657,0.737,FGF9,0.055553,tumor,pathway_gene,breast_her2,HER2-positive,positive,high
ENST00000489230,1.969,COL4A5,0.090936,tumor,pathway_gene,breast_her2,HER2-positive,positive,high
ENST00000564500,0.601,NEIL1,0.077915,tumor,pathway_gene,breast_her2,HER2-positive,positive,high
ENST00000698813,0.795,STAT5B,0.077552,tumor,pathway_gene,breast_her2,HER2-positive,positive,high
ENST00000460013,1.216,SLC25A5,0.037058,tumor,pathway_gene,breast_her2,HER2-positive,positive,high
ENST00000380340,0.633,APH1B,0.076694,tumor,pathway_gene,breast_her2,HER2-positive,positive,high
ENST00000585517,0.705,STAT3,0.02943,tumor,pathway_gene,breast_her2,HER2-positive,positive,high
ENST00000696874,0.755,GINS1,0.039255,tumor,pathway_gene,breast_her2,HER2-positive,positive,high
ENST00000524742,0.606,ALKBH3,0.024802,tumor,pathway_gene,breast_her2,HER2-positive,positive,high
ENST00000523131,1.096,YWHAZ,0.054354,tumor,pathway_gene,breast_her2,HER2-positive,positive,high
ENST00000358536,2.286,PLXNB1,0.001532,tumor,pathway_gene,breast_her2,HER2-positive,positive,high
ENST00000435363,0.624,C4B,0.030316,tumor,pathway_gene,breast_her2,HER2-positive,positive,high
ENST00000525687,0.703,CNKSR1,0.027135,tumor,pathway_gene,breast_her2,HER2-positive,positive,high
ENST00000447184,0.71,PRDX1,0.032998,tumor,pathway_gene,breast_her2,HER2-positive,positive,high
ENST00000635831,1.98,POLG,0.023039,tumor,pathway_gene,breast_her2,HER2-positive,positive,high
ENST00000558445,0.857,TRPM1,0.023433,tumor,pathway_gene,breast_her2,HER2-positive,positive,high
ENST00000555516,1.465,TRIP11,0.048566,tumor,pathway_gene,breast_her2,HER2-positive,positive,high
ENST00000579534,2.1,POLI,0.003,tumor,pathway_gene,breast_her2,HER2-positive,positive,high
ENST00000522110,0.961,TNKS,0.040336,tumor,pathway_gene,breast_her2,HER2-positive,positive,high
ENST00000525831,0.739,GTF2H1,0.018136,tumor,pathway_gene,breast_her2,HER2-positive,positive,high
ENST00000555545,2.682,MNAT1,0.001943,tumor,pathway_gene,breast_her2,HER2-positive,positive,high
ENST00000562906,3.672,MBTPS1,0.000765,tumor,pathway_gene,breast_her2,HER2-positive,positive,high
ENST00000426998,2.259,PPP2R1B,0.004491,tumor,pathway_gene,breast_her2,HER2-positive,positive,high
ENST00000675939,1.139,LMNA,0.011813,tumor,pathway_gene,breast_her2,HER2-positive,positive,high
ENST00000444829,1.036,HGF,0.068591,tumor,pathway_gene,breast_her2,HER2-positive,positive,high
ENST00000456159,1.159,MET,0.025519,tumor,pathway_gene,breast_her2,HER2-positive,positive,high
ENST00000395915,0.358,AURKA,0.007899,tumor,pathway_gene,breast_her2,HER2-positive,positive,high
ENST00000398411,0.859,CST3,0.045363,tumor,pathway_gene,breast_her2,HER2-positive,positive,high
ENST00000356950,1.33,H2BC12,0.058613,tumor,pathway_gene,breast_her2,HER2-positive,positive,high
ENST00000467742,0.473,TRIM27,0.009532,tumor,pathway_gene,breast_her2,HER2-positive,positive,high
ENST00000455386,0.447,NEURL1,0.002135,tumor,pathway_gene,breast_her2,HER2-positive,positive,high
ENST00000578646,0.952,MIB1,0.031885,tumor,pathway_gene,breast_her2,HER2-positive,positive,high
ENST00000372045,1.035,CHRDL1,0.093733,tumor,pathway_gene,breast_her2,HER2-positive,positive,high
ENST00000366442,1.902,SHC1,0.074061,tumor,pathway_gene,breast_her2,HER2-positive,positive,high
ENST00000607954,0.565,PLCG1,0.072735,tumor,pathway_gene,breast_her2,HER2-positive,positive,high
ENST00000581960,0.813,YES1,0.055112,tumor,pathway_gene,breast_her2,HER2-positive,positive,high
ENST00000520835,1.264,IKBKB,0.020978,tumor,pathway_gene,breast_her2,HER2-positive,positive,high
ENST00000601697,1.67,PSMC4,0.053641,tumor,pathway_gene,breast_her2,HER2-positive,positive,high
ENST00000393613,0.81,PRKAR2B,0.056691,tumor,pathway_gene,breast_her2,HER2-positive,positive,high
ENST00000475081,1.037,AHCYL1,0.035425,tumor,pathway_gene,breast_her2,HER2-positive,positive,high
ENST00000290417,1.166,GFRA4,0.026118,tumor,pathway_gene,breast_her2,HER2-positive,positive,high
ENST00000515266,1.199,MBD4,0.092313,tumor,pathway_gene,breast_her2,HER2-positive,positive,high
ENST00000627552,1.052,CGA,0.050698,tumor,pathway_gene,breast_her2,HER2-positive,positive,high
ENST00000490609,0.788,COL2A1,0.017781,tumor,pathway_gene,breast_her2,HER2-positive,positive,high
ENST00000257408,1.622,KLB,0.0827,tumor,pathway_gene,breast_her2,HER2-positive,positive,high
ENST00000478441,1.086,AHSG,0.092287,tumor,pathway_gene,breast_her2,HER2-positive,positive,high
ENST00000265149,0.667,TET2,0.065025,tumor,pathway_gene,breast_her2,HER2-positive,positive,high
ENST00000564947,1.815,PLK1,0.088828,tumor,pathway_gene,breast_her2,HER2-positive,positive,high
ENST00000294117,0.871,GNG3,0.092642,tumor,pathway_gene,breast_her2,HER2-positive,positive,high
ENST00000563115,1.95,POLR2C,0.034386,tumor,pathway_gene,breast_her2,HER2-positive,positive,high
ENST00000490918,2.28,BPHL,0.009994,tumor,pathway_gene,breast_her2,HER2-positive,positive,high
ENST00000357123,0.587,MCRS1,0.031764,tumor,pathway_gene,breast_her2,HER2-positive,positive,high
ENST00000494320,0.953,RNF8,0.017045,tumor,pathway_gene,breast_her2,HER2-positive,positive,high
ENST00000467842,1.129,TF,0.038576,tumor,pathway_gene,breast_her2,HER2-positive,positive,high
ENST00000375440,0.818,CUL4A,0.090006,tumor,pathway_gene,breast_her2,HER2-positive,positive,high
ENST00000466748,1.357,STAG2,0.09475,tumor,pathway_gene,breast_her2,HER2-positive,positive,high
ENST00000215587,1.76,POLR2E,0.06455,tumor,pathway_gene,breast_her2,HER2-positive,positive,high
ENST00000527626,0.711,NOX4,0.084629,tumor,pathway_gene,breast_her2,HER2-positive,positive,high
ENST00000576027,1.404,RMI2,0.054164,tumor,pathway_gene,breast_her2,HER2-positive,positive,high
ENST00000430627,1.127,CDK12,0.034521,tumor,pathway_gene,breast_her2,HER2-positive,positive,high
ENST00000698788,0.791,PIK3CD,0.051858,tumor,pathway_gene,breast_her2,HER2-positive,positive,high
ENST00000505081,0.597,DDX41,0.065924,tumor,pathway_gene,breast_her2,HER2-positive,positive,high
ENST00000596571,0.914,MYH14,0.019943,tumor,pathway_gene,breast_her2,HER2-positive,positive,high
ENST00000485703,1.113,ISY1,0.040547,tumor,pathway_gene,breast_her2,HER2-positive,positive,high
ENST00000563067,1.262,MLST8,0.041975,tumor,pathway_gene,breast_her2,HER2-positive,positive,high
ENST00000525749,0.721,EPHA10,0.065845,tumor,pathway_gene,breast_her2,HER2-positive,positive,high
ENST00000358015,0.68,RAD23B,0.056926,tumor,pathway_gene,breast_her2,HER2-positive,positive,high
ENST00000393241,1.313,MRE11,0.03295,tumor,pathway_gene,breast_her2,HER2-positive,positive,high
ENST00000563899,1.771,SPTBN5,0.011952,tumor,pathway_gene,breast_her2,HER2-positive,positive,high
ENST00000611468,2.785,MECP2,0.001567,tumor,pathway_gene,breast_her2,HER2-positive,positive,high
ENST00000447416,0.485,GGT1,0.005697,tumor,pathway_gene,breast_her2,HER2-positive,positive,high
ENST00000334134,1.29,FGF3,0.029349,tumor,pathway_gene,breast_her2,HER2-positive,positive,high
ENST00000440972,1.114,SPRED2,0.073561,tumor,pathway_gene,breast_her2,HER2-positive,positive,high
ENST00000369155,1.899,H2BC21,0.092243,tumor,pathway_gene,breast_her2,HER2-positive,positive,high
ENST00000372371,1.39,POLR3A,0.034855,tumor,pathway_gene,breast_her2,HER2-positive,positive,high
ENST00000436021,2.958,TDG,0.000696,tumor,pathway_gene,breast_her2,HER2-positive,positive,high
ENST00000411772,0.541,TP53BP1,0.095659,tumor,pathway_gene,breast_her2,HER2-positive,positive,high
ENST00000618119,1.603,ALK,0.012923,tumor,pathway_gene,breast_her2,HER2-positive,positive,high
ENST00000675504,0.547,SMC1A,0.048417,tumor,pathway_gene,breast_her2,HER2-positive,positive,high
ENST00000312465,1.139,FGF5,0.067265,tumor,pathway_gene,breast_her2,HER2-positive,positive,high
ENST00000484894,1.154,POLR2F,0.048177,tumor,pathway_gene,breast_her2,HER2-positive,positive,high
ENST00000685519,0.591,GCC2,0.035363,tumor,pathway_gene,breast_her2,HER2-positive,positive,high
ENST00000550457,0.886,CCNT1,0.048183,tumor,pathway_gene,breast_her2,HER2-positive,positive,high
ENST00000215539,1.134,IGFALS,0.038912,tumor,pathway_gene,breast_her2,HER2-positive,positive,high
ENST00000340391,1.043,NRG2,0.076605,tumor,pathway_gene,breast_her2,HER2-positive,positive,high
ENST00000643713,1.213,TJP2,0.038953,tumor,pathway_gene,breast_her2,HER2-positive,positive,high
ENST00000662670,1.811,CUL1,0.035337,tumor,pathway_gene,breast_her2,HER2-positive,positive,high
ENST00000462957,0.564,PSMB1,0.036471,tumor,pathway_gene,breast_her2,HER2-positive,positive,high
ENST00000354056,1.057,CDK2,0.025158,tumor,pathway_gene,breast_her2,HER2-positive,positive,high
ENST00000369459,0.764,BRCC3,0.013565,tumor,pathway_gene,breast_her2,HER2-positive,positive,high
ENST00000339276,0.997,SFN,0.016264,tumor,pathway_gene,breast_her2,HER2-positive,positive,high
ENST00000441114,0.603,SHH,0.02665,tumor,pathway_gene,breast_her2,HER2-positive,positive,high
ENST00000499676,2.228,TFDP2,0.007662,tumor,pathway_gene,breast_her2,HER2-positive,positive,high
ENST00000466844,1.047,BAZ1B,0.062365,tumor,pathway_gene,breast_her2,HER2-positive,positive,high
ENST00000555565,1.725,TDP1,0.07701,tumor,pathway_gene,breast_her2,HER2-positive,positive,high
ENST00000276603,0.698,TERF1,0.05294,tumor,pathway_gene,breast_her2,HER2-positive,positive,high
ENST00000450415,4.0,REV1,0.000561,tumor,pathway_gene,breast_her2,HER2-positive,positive,high
ENST00000460845,1.188,ZC3HAV1,0.089046,tumor,pathway_gene,breast_her2,HER2-positive,positive,high
ENST00000426137,1.155,CDC7,0.097249,tumor,pathway_gene,breast_her2,HER2-positive,positive,high
ENST00000689685,0.3,NTRK2,0.000118,tumor,pathway_gene,breast_her2,HER2-positive,positive,high
ENST00000570785,1.279,MYH11,0.097037,tumor,pathway_gene,breast_her2,HER2-positive,positive,high
ENST00000397519,0.578,PSIP1,0.097353,tumor,pathway_gene,breast_her2,HER2-positive,positive,high
ENST00000430040,0.985,PRKAR1B,0.075455,tumor,pathway_gene,breast_her2,HER2-positive,positive,high
ENST00000461587,1.345,POLL,0.028586,tumor,pathway_gene,breast_her2,HER2-positive,positive,high
ENST00000478196,0.714,RPS27A,0.073853,tumor,pathway_gene,breast_her2,HER2-positive,positive,high
ENST00000305123,1.13,IRS1,0.017269,tumor,pathway_gene,breast_her2,HER2-positive,positive,high
ENST00000678587,0.969,PSMC2,0.019644,tumor,pathway_gene,breast_her2,HER2-positive,positive,high
ENST00000533700,1.368,IL10RA,0.090237,tumor,pathway_gene,breast_her2,HER2-positive,positive,high
ENST00000530675,0.338,BIRC2,0.000615,tumor,pathway_gene,breast_her2,HER2-positive,positive,high
ENST00000554723,0.654,SERPINA10,0.060944,tumor,pathway_gene,breast_her2,HER2-positive,positive,high
ENST00000554617,0.482,FOS,0.001971,tumor,pathway_gene,breast_her2,HER2-positive,positive,high
ENST00000448310,0.907,CBX4,0.093572,tumor,pathway_gene,breast_her2,HER2-positive,positive,high
ENST00000598555,1.301,FLT3LG,0.034366,tumor,pathway_gene,breast_her2,HER2-positive,positive,high
ENST00000652521,1.309,FZR1,0.03319,tumor,pathway_gene,breast_her2,HER2-positive,positive,high
ENST00000526783,0.673,PSMD13,0.016578,tumor,pathway_gene,breast_her2,HER2-positive,positive,high
ENST00000414620,0.819,ACTB,0.020047,tumor,pathway_gene,breast_her2,HER2-positive,positive,high
ENST00000620225,1.13,PCGF2,0.014874,tumor,pathway_gene,breast_her2,HER2-positive,positive,high
ENST00000389378,1.184,TNIP1,0.068925,tumor,pathway_gene,breast_her2,HER2-positive,positive,high
ENST00000318522,1.558,EML4,0.073856,tumor,pathway_gene,breast_her2,HER2-positive,positive,high
ENST00000539066,0.665,POLR3B,0.092874,tumor,pathway_gene,breast_her2,HER2-positive,positive,high
ENST00000593099,3.442,LIG3,0.000251,tumor,pathway_gene,breast_her2,HER2-positive,positive,high
ENST00000395787,2.322,APIP,0.004364,tumor,pathway_gene,breast_her2,HER2-positive,positive,high
ENST00000418926,1.982,POLM,0.027202,tumor,pathway_gene,breast_her2,HER2-positive,positive,high
ENST00000442744,0.512,UBA52,0.09854,tumor,pathway_gene,breast_her2,HER2-positive,positive,high
ENST00000532830,1.116,POLD4,0.013217,tumor,pathway_gene,breast_her2,HER2-positive,positive,high
ENST00000519237,1.996,POLR3D,0.072913,tumor,pathway_gene,breast_her2,HER2-positive,positive,high
ENST00000497748,1.305,AMY2A,0.020472,tumor,drug_target,breast_her2,HER2-positive,positive,high
ENST00000261917,2.159,HCN4,0.007762,tumor,drug_target,breast_her2,HER2-positive,positive,high
ENST00000272452,3.116,SULT1C4,0.000584,tumor,drug_target,breast_her2,HER2-positive,positive,high
ENST00000482526,2.311,MTRF1L,0.006169,tumor,drug_target,breast_her2,HER2-positive,positive,high
ENST00000300060,3.158,ANPEP,0.00051,tumor,drug_target,breast_her2,HER2-positive,positive,high
ENST00000329406,1.742,PMCH,0.012594,tumor,drug_target,breast_her2,HER2-positive,positive,high
ENST00000429299,1.317,LTB,0.082431,tumor,drug_target,breast_her2,HER2-positive,positive,high
ENST00000467657,2.671,SLC9A2,0.007531,tumor,drug_target,breast_her2,HER2-positive,positive,high
ENST00000674074,1.679,CPS1,0.047423,tumor,drug_target,breast_her2,HER2-positive,positive,high
ENST00000257215,2.295,DAGLA,0.007015,tumor,drug_target,breast_her2,HER2-positive,positive,high
ENST00000503373,1.331,POLR3G,0.017766,tumor,drug_target,breast_her2,HER2-positive,positive,high
ENST00000497274,1.317,RBMS3,0.023774,tumor,drug_target,breast_her2,HER2-positive,positive,high
ENST00000502307,3.028,AREG,2.4e-05,tumor,drug_target,breast_her2,HER2-positive,positive,high
ENST00000572624,3.086,DPEP2,0.000244,tumor,drug_target,breast_her2,HER2-positive,positive,high
ENST00000377675,3.009,CYP11B1,0.000265,tumor,drug_target,breast_her2,HER2-positive,positive,high
ENST00000373313,1.745,MAFB,0.07938,tumor,drug_target,breast_her2,HER2-positive,positive,high
ENST00000330953,2.947,CCR4,0.000787,tumor,drug_target,breast_her2,HER2-positive,positive,high
ENST00000680608,2.154,EPHA7,0.004298,tumor,drug_target,breast_her2,HER2-positive,positive,high
ENST00000682148,3.321,ERCC6L2,0.000427,tumor,drug_target,breast_her2,HER2-positive,positive,high
ENST00000560227,3.244,TYRO3,7.1e-05,tumor,drug_target,breast_her2,HER2-positive,positive,high
ENST00000652203,2.146,NR1H2,0.003198,tumor,drug_target,breast_her2,HER2-positive,positive,high
ENST00000522829,2.032,SLC36A2,0.003894,tumor,drug_target,breast_her2,HER2-positive,positive,high
ENST00000484285,2.958,FAM201A,0.000971,tumor,drug_target,breast_her2,HER2-positive,positive,high
ENST00000476404,3.427,MLXIPL,0.000664,tumor,drug_target,breast_her2,HER2-positive,positive,high
ENST00000554251,2.657,ERO1A,0.006901,tumor,drug_target,breast_her2,HER2-positive,positive,high
ENST00000527484,3.311,STIM1,0.000996,tumor,drug_target,breast_her2,HER2-positive,positive,high
ENST00000415845,1.351,STAT5B,0.086097,tumor,drug_target,breast_her2,HER2-positive,positive,high
ENST00000491589,1.883,GHRL,0.037934,tumor,drug_target,breast_her2,HER2-positive,positive,high
ENST00000349953,2.021,PARD3B,0.0032,tumor,drug_target,breast_her2,HER2-positive,positive,high
ENST00000211122,1.849,GSTA3,0.090084,tumor,drug_target,breast_her2,HER2-positive,positive,high
ENST00000559188,2.304,NTRK3,0.007913,tumor,drug_target,breast_her2,HER2-positive,positive,high
ENST00000450098,1.346,HES6,0.036873,tumor,drug_target,breast_her2,HER2-positive,positive,high
ENST00000640109,1.294,ADGRV1,0.025159,tumor,drug_target,breast_her2,HER2-positive,positive,high
ENST00000512372,2.049,NR1I3,0.002659,tumor,drug_target,breast_her2,HER2-positive,positive,high
ENST00000431922,3.412,LPAR5,0.000185,tumor,drug_target,breast_her2,HER2-positive,positive,high
ENST00000510970,3.474,GLRB,0.000734,tumor,drug_target,breast_her2,HER2-positive,positive,high
ENST00000592634,2.192,NDUFA11,0.006687,tumor,drug_target,breast_her2,HER2-positive,positive,high
ENST00000494851,2.904,TNFSF10,5.9e-05,tumor,drug_target,breast_her2,HER2-positive,positive,high
ENST00000542869,3.37,PTK6,2.8e-05,tumor,drug_target,breast_her2,HER2-positive,positive,high
ENST00000475289,2.817,S1PR1,0.008662,tumor,drug_target,breast_her2,HER2-positive,positive,high
ENST00000533293,2.147,LTB4R2,0.007995,tumor,drug_target,breast_her2,HER2-positive,positive,high
ENST00000689576,2.103,GGCX,0.006713,tumor,drug_target,breast_her2,HER2-positive,positive,high
ENST00000327606,1.214,MC2R,0.055805,tumor,drug_target,breast_her2,HER2-positive,positive,high
ENST00000344327,3.413,TRPC6,0.000799,tumor,drug_target,breast_her2,HER2-positive,positive,high
ENST00000643772,1.46,THRB,0.060751,tumor,drug_target,breast_her2,HER2-positive,positive,high
ENST00000598108,2.369,IRF3,0.00956,tumor,drug_target,breast_her2,HER2-positive,positive,high
ENST00000525014,2.911,CCKBR,0.000544,tumor,drug_target,breast_her2,HER2-positive,positive,high
ENST00000301141,1.288,CYP2A6,0.089939,tumor,drug_target,breast_her2,HER2-positive,positive,high
ENST00000461509,1.597,TPSAB1,0.015087,tumor,drug_target,breast_her2,HER2-positive,positive,high
ENST00000344347,3.054,XBP1,0.000184,tumor,drug_target,breast_her2,HER2-positive,positive,high
ENST00000468111,3.397,KAT2B,0.000582,tumor,drug_target,breast_her2,HER2-positive,positive,high
ENST00000476789,1.843,MUTYH,0.085383,tumor,drug_target,breast_her2,HER2-positive,positive,high
ENST00000615724,2.284,GCLM,0.009954,tumor,drug_target,breast_her2,HER2-positive,positive,high
ENST00000466987,3.157,PSMD2,0.000463,tumor,drug_target,breast_her2,HER2-positive,positive,high
ENST00000570098,1.376,CHRFAM7A,0.047969,tumor,drug_target,breast_her2,HER2-positive,positive,high
ENST00000473420,3.429,CTDSP1,0.000939,tumor,drug_target,breast_her2,HER2-positive,positive,high
ENST00000490337,1.71,KCNAB1,0.030248,tumor,drug_target,breast_her2,HER2-positive,positive,high
ENST00000406230,1.267,CSF2RB,0.069244,tumor,drug_target,breast_her2,HER2-positive,positive,high
ENST00000494848,2.579,ALAD,0.007932,tumor,drug_target,breast_her2,HER2-positive,positive,high
ENST00000419838,3.044,PRKCZ,0.000882,tumor,drug_target,breast_her2,HER2-positive,positive,high
ENST00000478345,2.22,DCBLD1,0.009208,tumor,drug_target,breast_her2,HER2-positive,positive,high
ENST00000359195,1.493,PIK3CG,0.049488,tumor,drug_target,breast_her2,HER2-positive,positive,high
ENST00000453959,2.724,AMY2B,0.006502,tumor,drug_target,breast_her2,HER2-positive,positive,high
ENST00000530383,1.401,RPS6KA4,0.014612,tumor,drug_target,breast_her2,HER2-positive,positive,high
ENST00000674957,1.765,AIFM1,0.076181,tumor,drug_target,breast_her2,HER2-positive,positive,high
ENST00000244571,1.832,AARS2,0.041035,tumor,drug_target,breast_her2,HER2-positive,positive,high
ENST00000376356,2.35,THNSL1,0.004942,tumor,drug_target,breast_her2,HER2-positive,positive,high
ENST00000374662,2.211,HSD17B8,0.0018,tumor,drug_target,breast_her2,HER2-positive,positive,high
ENST00000681651,2.395,SNX9,0.008535,tumor,drug_target,breast_her2,HER2-positive,positive,high
ENST00000497655,3.159,CYB5R1,0.000455,tumor,drug_target,breast_her2,HER2-positive,positive,high
ENST00000526914,1.418,MRGPRX1,0.043097,tumor,drug_target,breast_her2,HER2-positive,positive,high
ENST00000678189,2.904,RPL19,0.00037,tumor,drug_target,breast_her2,HER2-positive,positive,high
ENST00000707175,1.952,SLC2A3,0.066097,tumor,drug_target,breast_her2,HER2-positive,positive,high
ENST00000571244,1.211,MMP12,0.021344,tumor,drug_target,breast_her2,HER2-positive,positive,high
ENST00000573077,1.292,STX8,0.041438,tumor,drug_target,breast_her2,HER2-positive,positive,high
ENST00000539068,3.355,FKBP5,0.000594,tumor,drug_target,breast_her2,HER2-positive,positive,high
ENST00000483063,3.238,POLE4,0.000171,tumor,drug_target,breast_her2,HER2-positive,positive,high
ENST00000454011,1.435,RHOA,0.081257,tumor,drug_target,breast_her2,HER2-positive,positive,high
ENST00000292513,3.095,PTGER1,0.000989,tumor,drug_target,breast_her2,HER2-positive,positive,high
ENST00000390545,3.11,IGHG2,0.000631,tumor,drug_target,breast_her2,HER2-positive,positive,high
ENST00000295962,3.378,ABHD6,0.000889,tumor,drug_target,breast_her2,HER2-positive,positive,high
ENST00000574502,2.841,ARRB2,3.5e-05,tumor,drug_target,breast_her2,HER2-positive,positive,high
ENST00000565318,1.734,CPT1A,0.019253,tumor,drug_target,breast_her2,HER2-positive,positive,high
ENST00000555039,2.121,CKB,0.003839,tumor,drug_target,breast_her2,HER2-positive,positive,high
ENST00000380201,3.24,DDRGK1,0.000971,tumor,drug_target,breast_her2,HER2-positive,positive,high
ENST00000647323,2.773,ARID5B,0.003254,tumor,drug_target,breast_her2,HER2-positive,positive,high
ENST00000454214,1.421,NDUFB3,0.048976,tumor,drug_target,breast_her2,HER2-positive,positive,high
ENST00000528583,3.364,BBOX1,0.000422,tumor,drug_target,breast_her2,HER2-positive,positive,high
ENST00000466914,1.368,KCNT2,0.033396,tumor,drug_target,breast_her2,HER2-positive,positive,high
ENST00000459731,2.571,MAD1L1,0.005974,tumor,drug_target,breast_her2,HER2-positive,positive,high
ENST00000451724,1.994,LRP1,0.015016,tumor,drug_target,breast_her2,HER2-positive,positive,high
ENST00000591500,1.985,ZACN,0.02608,tumor,drug_target,breast_her2,HER2-positive,positive,high
ENST00000688854,3.246,NTRK2,0.000719,tumor,drug_target,breast_her2,HER2-positive,positive,high
ENST00000294117,2.728,GNG3,0.008787,tumor,drug_target,breast_her2,HER2-positive,positive,high
ENST00000465443,2.589,PLK3,0.005283,tumor,drug_target,breast_her2,HER2-positive,positive,high
ENST00000713776,2.429,TMX2,0.001897,tumor,drug_target,breast_her2,HER2-positive,positive,high
ENST00000471743,2.67,HADHA,0.007313,tumor,drug_target,breast_her2,HER2-positive,positive,high
ENST00000328902,3.347,GIMAP6,0.000291,tumor,drug_target,breast_her2,HER2-positive,positive,high
ENST00000416991,2.119,PDK1,0.006253,tumor,drug_target,breast_her2,HER2-positive,positive,high
ENST00000276571,3.41,CRH,0.000227,tumor,drug_target,breast_her2,HER2-positive,positive,high
ENST00000295082,1.343,KCNF1,0.044129,tumor,drug_target,breast_her2,HER2-positive,positive,high
ENST00000428701,2.807,HLA-G,0.008905,tumor,drug_target,breast_her2,HER2-positive,positive,high
ENST00000535272,2.918,SLC15A4,0.000292,tumor,drug_target,breast_her2,HER2-positive,positive,high
ENST00000484459,3.037,SMYD2,0.000393,tumor,drug_target,breast_her2,HER2-positive,positive,high
ENST00000586025,1.695,PIN1,0.044442,tumor,drug_target,breast_her2,HER2-positive,positive,high
ENST00000393099,1.909,RPL13,0.054528,tumor,drug_target,breast_her2,HER2-positive,positive,high
ENST00000490274,1.304,F2,0.051063,tumor,drug_target,breast_her2,HER2-positive,positive,high
ENST00000372808,1.549,GNMT,0.049822,tumor,drug_target,breast_her2,HER2-positive,positive,high
ENST00000393346,1.337,PICALM,0.064668,tumor,drug_target,breast_her2,HER2-positive,positive,high
ENST00000491878,2.57,STK24,0.001654,tumor,drug_target,breast_her2,HER2-positive,positive,high
ENST00000245457,2.942,PTGER2,0.000815,tumor,drug_target,breast_her2,HER2-positive,positive,high
ENST00000482665,2.605,PDIA2,0.005273,tumor,drug_target,breast_her2,HER2-positive,positive,high
ENST00000548118,2.123,ATF7,0.003627,tumor,drug_target,breast_her2,HER2-positive,positive,high
ENST00000589385,2.144,CSNK1G2,0.001204,tumor,drug_target,breast_her2,HER2-positive,positive,high
ENST00000419696,2.869,GAPDHP64,0.000749,tumor,drug_target,breast_her2,HER2-positive,positive,high
ENST00000519715,2.4,CD14,0.004568,tumor,drug_target,breast_her2,HER2-positive,positive,high
ENST00000491156,3.272,ATP1A1,0.000427,tumor,drug_target,breast_her2,HER2-positive,positive,high
ENST00000437291,1.284,COX7A1,0.099488,tumor,drug_target,breast_her2,HER2-positive,positive,high
ENST00000361503,1.292,CES1,0.04596,tumor,drug_target,breast_her2,HER2-positive,positive,high
ENST00000507412,3.383,GLRX,0.000532,tumor,drug_target,breast_her2,HER2-positive,positive,high
ENST00000699337,1.252,AGAP1,0.057936,tumor,drug_target,breast_her2,HER2-positive,positive,high
ENST00000496703,1.383,ITGB5,0.084632,tumor,drug_target,breast_her2,HER2-positive,positive,high
ENST00000419985,2.916,PROC,0.000487,tumor,drug_target,breast_her2,HER2-positive,positive,high
ENST00000343320,1.628,CHIA,0.017988,tumor,drug_target,breast_her2,HER2-positive,positive,high
ENST00000541090,2.47,NNMT,0.001989,tumor,drug_target,breast_her2,HER2-positive,positive,high
ENST00000252939,2.97,CALY,0.000221,tumor,drug_target,breast_her2,HER2-positive,positive,high
ENST00000431067,2.048,ORM2,0.002494,tumor,drug_target,breast_her2,HER2-positive,positive,high
ENST00000481924,2.653,B4GALT2,0.001584,tumor,drug_target,breast_her2,HER2-positive,positive,high
ENST00000573365,1.881,ANKFN1,0.025541,tumor,drug_target,breast_her2,HER2-positive,positive,high
ENST00000506651,3.091,ADH1B,0.000471,tumor,drug_target,breast_her2,HER2-positive,positive,high
ENST00000562871,2.064,ZNF423,0.001374,tumor,drug_target,breast_her2,HER2-positive,positive,high
ENST00000672604,1.236,ADK,0.062166,tumor,drug_target,breast_her2,HER2-positive,positive,high
ENST00000347159,2.298,PSAT1,0.008378,tumor,drug_target,breast_her2,HER2-positive,positive,high
ENST00000675888,3.047,SLC52A2,0.00038,tumor,drug_target,breast_her2,HER2-positive,positive,high
ENST00000526189,2.076,MPZ,0.002965,tumor,drug_target,breast_her2,HER2-positive,positive,high
ENST00000429410,3.278,GSTM5,0.000927,tumor,drug_target,breast_her2,HER2-positive,positive,high
ENST00000493408,1.559,PLEKHH2,0.021009,tumor,drug_target,breast_her2,HER2-positive,positive,high
ENST00000375537,1.575,EHMT2,0.061106,tumor,drug_target,breast_her2,HER2-positive,positive,high
ENST00000263826,2.695,AKT3,0.003478,tumor,drug_target,breast_her2,HER2-positive,positive,high
ENST00000389492,1.545,CHRNG,0.022929,tumor,drug_target,breast_her2,HER2-positive,positive,high
ENST00000366425,3.096,GP1BB,0.000543,tumor,drug_target,breast_her2,HER2-positive,positive,high
ENST00000469528,3.367,GAPVD1,0.000919,tumor,drug_target,breast_her2,HER2-positive,positive,high
ENST00000400113,1.242,TUBA3C,0.080756,tumor,drug_target,breast_her2,HER2-positive,positive,high
ENST00000538564,2.45,FOXM1,0.005975,tumor,drug_target,breast_her2,HER2-positive,positive,high
ENST00000572010,3.4,SLC12A4,0.000795,tumor,drug_target,breast_her2,HER2-positive,positive,high
ENST00000561725,3.017,ULK3,0.000938,tumor,drug_target,breast_her2,HER2-positive,positive,high
ENST00000636497,2.612,RYR3,0.006316,tumor,drug_target,breast_her2,HER2-positive,positive,high
ENST00000520212,2.408,MAPK9,0.008862,tumor,drug_target,breast_her2,HER2-positive,positive,high
ENST00000590630,2.383,LIG3,0.003814,tumor,drug_target,breast_her2,HER2-positive,positive,high
ENST00000485763,2.197,XRCC5,0.009106,tumor,drug_target,breast_her2,HER2-positive,positive,high
ENST00000266674,3.422,LGR5,0.000763,tumor,drug_target,breast_her2,HER2-positive,positive,high
ENST00000295731,1.755,IHH,0.035977,tumor,drug_target,breast_her2,HER2-positive,positive,high
ENST00000553522,1.241,GPX2,0.023364,tumor,drug_target,breast_her2,HER2-positive,positive,high
ENST00000252321,3.149,KCNA5,0.000188,tumor,drug_target,breast_her2,HER2-positive,positive,high
ENST00000373766,3.059,MAPK13,0.000117,tumor,drug_target,breast_her2,HER2-positive,positive,high
ENST00000497103,1.427,ARHGAP12,0.064383,tumor,drug_target,breast_her2,HER2-positive,positive,high
ENST00000493165,2.551,RGS19,0.009866,tumor,drug_target,breast_her2,HER2-positive,positive,high
ENST00000489304,1.986,CD40,0.048714,tumor,drug_target,breast_her2,HER2-positive,positive,high
ENST00000409380,2.668,SLC3A1,0.004725,tumor,drug_target,breast_her2,HER2-positive,positive,high
ENST00000607839,1.767,S100A13,0.058096,tumor,drug_target,breast_her2,HER2-positive,positive,high
ENST00000502377,1.889,CHRNA9,0.095208,tumor,drug_target,breast_her2,HER2-positive,positive,high
ENST00000373366,3.269,GJB3,9.3e-05,tumor,drug_target,breast_her2,HER2-positive,positive,high
ENST00000564386,1.854,GCSH,0.026631,tumor,drug_target,breast_her2,HER2-positive,positive,high
ENST00000336411,3.445,CYP3A4,0.000494,tumor,drug_target,breast_her2,HER2-positive,positive,high
ENST00000480202,1.931,EPHA2,0.031382,tumor,drug_target,breast_her2,HER2-positive,positive,high
ENST00000398822,2.454,MAPK1,0.008201,tumor,drug_target,breast_her2,HER2-positive,positive,high
ENST00000442151,1.689,CD44,0.042191,tumor,drug_target,breast_her2,HER2-positive,positive,high
ENST00000512296,2.997,ARNT,0.000422,tumor,drug_target,breast_her2,HER2-positive,positive,high
ENST00000680941,2.565,MMP14,0.006413,tumor,drug_target,breast_her2,HER2-positive,positive,high
ENST00000487411,2.388,STX4,0.007802,tumor,drug_target,breast_her2,HER2-positive,positive,high
ENST00000647008,3.177,SUCLA2,0.000509,tumor,drug_target,breast_her2,HER2-positive,positive,high
ENST00000414671,2.593,GDA,0.005101,tumor,drug_target,breast_her2,HER2-positive,positive,high
ENST00000378827,3.485,BMP2,0.00059,tumor,drug_target,breast_her2,HER2-positive,positive,high
ENST00000367922,1.211,DDR2,0.013048,tumor,drug_target,breast_her2,HER2-positive,positive,high
ENST00000396861,1.447,GAPDH,0.074759,tumor,drug_target,breast_her2,HER2-positive,positive,high
ENST00000376071,2.27,NCR3,0.005732,tumor,drug_target,breast_her2,HER2-positive,positive,high
ENST00000403885,2.077,RAMP1,0.008398,tumor,drug_target,breast_her2,HER2-positive,positive,high
ENST00000485564,1.624,AMPD1,0.023216,tumor,drug_target,breast_her2,HER2-positive,positive,high
ENST00000465826,1.995,RAF1,0.041734,tumor,drug_target,breast_her2,HER2-positive,positive,high
ENST00000502798,3.396,SV2C,0.000634,tumor,drug_target,breast_her2,HER2-positive,positive,high
ENST00000617870,1.832,DSCAM,0.083847,tumor,drug_target,breast_her2,HER2-positive,positive,high
ENST00000487989,2.981,PFKFB3,0.000343,tumor,drug_target,breast_her2,HER2-positive,positive,high
ENST00000553796,2.069,ESR2,0.002121,tumor,drug_target,breast_her2,HER2-positive,positive,high
ENST00000258874,3.316,MTHFS,0.000137,tumor,drug_target,breast_her2,HER2-positive,positive,high
ENST00000313735,1.503,NOS2,0.029978,tumor,drug_target,breast_her2,HER2-positive,positive,high
ENST00000525283,2.391,FDFT1,0.005643,tumor,drug_target,breast_her2,HER2-positive,positive,high
ENST00000592796,2.807,PYY,0.001044,tumor,drug_target,breast_her2,HER2-positive,positive,high
ENST00000540818,2.965,KLRK1,0.000369,tumor,drug_target,breast_her2,HER2-positive,positive,high
ENST00000369816,1.539,ELOVL4,0.040078,tumor,drug_target,breast_her2,HER2-positive,positive,high
ENST00000481039,3.121,GNAS,0.000491,tumor,drug_target,breast_her2,HER2-positive,positive,high
ENST00000220876,3.297,STMN2,0.000147,tumor,drug_target,breast_her2,HER2-positive,positive,high
ENST00000377276,1.655,PRKACG,0.027977,tumor,drug_target,breast_her2,HER2-positive,positive,high
ENST00000678228,1.367,MTHFD2,0.033857,tumor,drug_target,breast_her2,HER2-positive,positive,high
ENST00000498037,2.83,ALK,0.000722,tumor,drug_target,breast_her2,HER2-positive,positive,high
ENST00000362032,1.886,SUCNR1,0.014079,tumor,drug_target,breast_her2,HER2-positive,positive,high
ENST00000462965,2.82,ARPC5,0.005339,tumor,drug_target,breast_her2,HER2-positive,positive,high
ENST00000532279,2.223,PPP1CA,0.009656,tumor,drug_target,breast_her2,HER2-positive,positive,high
ENST00000367235,2.145,ADORA1,0.009975,tumor,drug_target,breast_her2,HER2-positive,positive,high
ENST00000589167,3.046,NEDD4L,3.7e-05,tumor,drug_target,breast_her2,HER2-positive,positive,high
ENST00000714082,1.582,ENG,0.09192,tumor,drug_target,breast_her2,HER2-positive,positive,high
ENST00000497891,3.277,EPHA1,0.000186,tumor,drug_target,breast_her2,HER2-positive,positive,high
ENST00000554038,3.0,GABRA5,2.5e-05,tumor,drug_target,breast_her2,HER2-positive,positive,high
ENST00000221307,1.778,CYP4F3,0.055862,tumor,drug_target,breast_her2,HER2-positive,positive,high
ENST00000681865,1.882,FURIN,0.016053,tumor,drug_target,breast_her2,HER2-positive,positive,high
ENST00000573085,2.273,AKAP1,0.007626,tumor,drug_target,breast_her2,HER2-positive,positive,high
ENST00000504361,2.427,DROSHA,0.004217,tumor,drug_target,breast_her2,HER2-positive,positive,high
ENST00000468596,3.179,P2RY12,0.000764,tumor,drug_target,breast_her2,HER2-positive,positive,high
ENST00000495332,3.117,RPS6KA6,0.000179,tumor,drug_target,breast_her2,HER2-positive,positive,high
ENST00000354895,2.664,VKORC1,0.003987,tumor,drug_target,breast_her2,HER2-positive,positive,high
ENST00000509391,3.114,UGDH,0.000768,tumor,drug_target,breast_her2,HER2-positive,positive,high
ENST00000264832,1.546,ICAM1,0.046427,tumor,drug_target,breast_her2,HER2-positive,positive,high
ENST00000264220,2.836,PPAT,0.000121,tumor,drug_target,breast_her2,HER2-positive,positive,high
ENST00000614798,3.167,CYSLTR1,0.000301,tumor,drug_target,breast_her2,HER2-positive,positive,high
ENST00000546584,1.255,TGFBR1,0.091731,tumor,drug_target,breast_her2,HER2-positive,positive,high
ENST00000373414,3.293,UGT1A5,0.000285,tumor,drug_target,breast_her2,HER2-positive,positive,high
ENST00000487892,2.888,TXN,0.000479,tumor,drug_target,breast_her2,HER2-positive,positive,high
ENST00000376199,3.047,FOXP3,0.000187,tumor,drug_target,breast_her2,HER2-positive,positive,high
ENST00000491891,3.215,CAD,0.000399,tumor,drug_target,breast_her2,HER2-positive,positive,high
ENST00000487194,3.004,VAMP3,0.00065,tumor,drug_target,breast_her2,HER2-positive,positive,high
ENST00000493841,2.539,IGSF10,0.006057,tumor,drug_target,breast_her2,HER2-positive,positive,high
ENST00000518486,3.4,FBXL17,0.000101,tumor,drug_target,breast_her2,HER2-positive,positive,high
ENST00000461677,2.983,GRM7,0.000562,tumor,drug_target,breast_her2,HER2-positive,positive,high
ENST00000704574,1.544,TRPM3,0.061789,tumor,drug_target,breast_her2,HER2-positive,positive,high
ENST00000570396,2.797,LCAT,0.003557,tumor,drug_target,breast_her2,HER2-positive,positive,high
ENST00000485849,1.215,SLC12A8,0.081175,tumor,drug_target,breast_her2,HER2-positive,positive,high
ENST00000426317,2.764,SLC9A3P1,0.007936,tumor,drug_target,breast_her2,HER2-positive,positive,high
ENST00000512768,3.269,NME1,0.000419,tumor,drug_target,breast_her2,HER2-positive,positive,high
ENST00000305097,3.286,P2RY1,0.000456,tumor,drug_target,breast_her2,HER2-positive,positive,high
ENST00000689650,2.869,SAA1,0.000304,tumor,drug_target,breast_her2,HER2-positive,positive,high
ENST00000699324,2.191,ADAM17,0.001405,tumor,drug_target,breast_her2,HER2-positive,positive,high
ENST00000306071,2.998,CHRNB1,0.000156,tumor,drug_target,breast_her2,HER2-positive,positive,high
ENST00000327582,2.773,OXCT2,0.006668,tumor,drug_target,breast_her2,HER2-positive,positive,high
ENST00000475142,1.809,VDAC2,0.083122,tumor,drug_target,breast_her2,HER2-positive,positive,high
ENST00000584701,2.789,RBP3,0.008089,tumor,drug_target,breast_her2,HER2-positive,positive,high
ENST00000431275,2.239,SPTLC3,0.007284,tumor,drug_target,breast_her2,HER2-positive,positive,high
