transcript_id,cancer_fold,gene_symbol,p_value,tissue_type,gene_category,cancer_type
ENST00000621592,5.039,MYC,0.000983,tumor,oncogene,comprehensive
ENST00000582788,4.163,ERBB2,0.000212,tumor,oncogene,comprehensive
ENST00000700146,5.365,EGFR,0.000135,tumor,oncogene,comprehensive
ENST00000688940,3.406,KRAS,0.000276,tumor,oncogene,comprehensive
ENST00000263967,2.82,PIK3CA,0.003486,tumor,oncogene,comprehensive
ENST00000553797,2.228,AKT1,0.009464,tumor,oncogene,comprehensive
ENST00000542367,3.037,CCND1,0.000331,tumor,oncogene,comprehensive
ENST00000543323,4.613,MDM2,0.000361,tumor,oncogene,comprehensive
ENST00000646891,3.323,BRAF,0.00053,tumor,oncogene,comprehensive
ENST00000369535,2.471,NRAS,0.003056,tumor,oncogene,comprehensive
ENST00000514944,0.49,TP53,0.006201,tumor,tumor_suppressor,comprehensive
ENST00000480491,0.618,RB1,0.044585,tumor,tumor_suppressor,comprehensive
ENST00000700025,0.347,PTEN,8e-05,tumor,tumor_suppressor,comprehensive
ENST00000357654,0.425,BRCA1,0.003416,tumor,tumor_suppressor,comprehensive
ENST00000544455,0.167,BRCA2,0.000133,tumor,tumor_suppressor,comprehensive
ENST00000579122,0.173,CDKN2A,0.000942,tumor,tumor_suppressor,comprehensive
ENST00000478800,0.666,CDKN1A,0.042799,tumor,tumor_suppressor,comprehensive
ENST00000682080,0.349,CDKN1B,0.000609,tumor,tumor_suppressor,comprehensive
ENST00000502371,0.202,APC,0.000268,tumor,tumor_suppressor,comprehensive
ENST00000345392,0.452,VHL,0.007362,tumor,tumor_suppressor,comprehensive
ENST00000683914,0.504,ATM,0.075338,tumor,dna_repair,comprehensive
ENST00000711049,0.415,CHEK1,0.007846,tumor,dna_repair,comprehensive
ENST00000416671,0.493,CHEK2,0.002667,tumor,dna_repair,comprehensive
ENST00000533741,0.586,RAD51,0.042388,tumor,dna_repair,comprehensive
ENST00000677203,0.646,PARP1,0.026328,tumor,dna_repair,comprehensive
ENST00000673715,0.334,MLH1,0.000982,tumor,dna_repair,comprehensive
ENST00000646415,0.373,MSH2,0.008376,tumor,dna_repair,comprehensive
ENST00000598422,0.625,XRCC1,0.015176,tumor,dna_repair,comprehensive
ENST00000473497,2.254,ESR1,0.00461,tumor,hormone_receptor,comprehensive
ENST00000263463,1.739,PGR,0.037981,tumor,hormone_receptor,comprehensive
ENST00000374690,0.3,AR,0.000493,tumor,hormone_receptor,comprehensive
ENST00000406895,0.74,WDCP,0.021936,tumor,pathway_gene,comprehensive
ENST00000528873,0.648,GEN1,0.051177,tumor,pathway_gene,comprehensive
ENST00000366678,2.03,NUP133,0.005015,tumor,pathway_gene,comprehensive
ENST00000553244,0.721,JAG2,0.086153,tumor,pathway_gene,comprehensive
ENST00000359285,1.42,SH2B1,0.048431,tumor,pathway_gene,comprehensive
ENST00000581868,0.62,RNF43,0.024761,tumor,pathway_gene,comprehensive
ENST00000557165,1.12,CCNK,0.011389,tumor,pathway_gene,comprehensive
ENST00000395848,0.577,NCOR1,0.063879,tumor,pathway_gene,comprehensive
ENST00000529374,1.032,MUS81,0.091975,tumor,pathway_gene,comprehensive
ENST00000228347,0.649,POLR3B,0.024955,tumor,pathway_gene,comprehensive
ENST00000467371,0.573,SPTBN1,0.034652,tumor,pathway_gene,comprehensive
ENST00000584600,2.076,CENPX,0.001033,tumor,pathway_gene,comprehensive
ENST00000615226,0.704,TRIB3,0.097827,tumor,pathway_gene,comprehensive
ENST00000549549,1.2,PRIM1,0.030228,tumor,pathway_gene,comprehensive
ENST00000696952,1.28,INO80,0.030216,tumor,pathway_gene,comprehensive
ENST00000504085,1.039,RCHY1,0.071604,tumor,pathway_gene,comprehensive
ENST00000429550,0.674,BCAP31,0.032068,tumor,pathway_gene,comprehensive
ENST00000470481,0.631,ANAPC16,0.069255,tumor,pathway_gene,comprehensive
ENST00000618923,1.52,ADAM17,0.044498,tumor,pathway_gene,comprehensive
ENST00000344877,1.204,ANAPC11,0.079803,tumor,pathway_gene,comprehensive
ENST00000508908,0.702,USP45,0.050785,tumor,pathway_gene,comprehensive
ENST00000497430,1.137,RFC2,0.018061,tumor,pathway_gene,comprehensive
ENST00000514858,0.459,POLN,0.002173,tumor,pathway_gene,comprehensive
ENST00000510023,2.131,IGF2BP1,0.001601,tumor,pathway_gene,comprehensive
ENST00000688689,0.827,MAP2K1,0.027686,tumor,pathway_gene,comprehensive
ENST00000699701,0.83,TINF2,0.095151,tumor,pathway_gene,comprehensive
ENST00000498209,1.529,SLC22A18,0.078909,tumor,pathway_gene,comprehensive
ENST00000533246,1.162,BDNF,0.084138,tumor,pathway_gene,comprehensive
ENST00000432715,0.644,ADCY1,0.045419,tumor,pathway_gene,comprehensive
ENST00000580444,0.843,RNF135,0.043772,tumor,pathway_gene,comprehensive
ENST00000254436,1.041,TRIM21,0.087768,tumor,pathway_gene,comprehensive
ENST00000570649,4.0,PKMYT1,0.000501,tumor,pathway_gene,comprehensive
ENST00000368129,0.575,AIM2,0.031195,tumor,pathway_gene,comprehensive
ENST00000296440,2.114,PLXNB1,0.002879,tumor,pathway_gene,comprehensive
ENST00000222266,2.016,PSENEN,0.004471,tumor,pathway_gene,comprehensive
ENST00000566378,0.719,USP10,0.024618,tumor,pathway_gene,comprehensive
ENST00000367509,1.648,RNF2,0.081792,tumor,pathway_gene,comprehensive
ENST00000568750,1.079,TNRC6A,0.070193,tumor,pathway_gene,comprehensive
ENST00000698786,0.673,PIK3CD,0.08029,tumor,pathway_gene,comprehensive
ENST00000713833,1.291,DSG2,0.025161,tumor,pathway_gene,comprehensive
ENST00000510115,2.436,CACNA1G,0.001836,tumor,pathway_gene,comprehensive
ENST00000356763,0.346,PIK3R4,0.000958,tumor,pathway_gene,comprehensive
ENST00000378603,1.433,DDB2,0.07505,tumor,pathway_gene,comprehensive
ENST00000489028,0.86,RFC4,0.011211,tumor,pathway_gene,comprehensive
ENST00000244869,0.744,EREG,0.029004,tumor,pathway_gene,comprehensive
ENST00000427238,2.906,SPRED2,0.000322,tumor,pathway_gene,comprehensive
ENST00000697589,0.3,PRKCD,0.000701,tumor,pathway_gene,comprehensive
ENST00000221138,1.127,PPP2CB,0.07431,tumor,pathway_gene,comprehensive
ENST00000643579,1.656,TPM4,0.019402,tumor,pathway_gene,comprehensive
ENST00000528778,1.292,DUSP8,0.051601,tumor,pathway_gene,comprehensive
ENST00000505345,0.783,POLR3G,0.038313,tumor,pathway_gene,comprehensive
ENST00000399179,1.123,DNA2,0.054045,tumor,pathway_gene,comprehensive
ENST00000566133,1.802,FANCA,0.064917,tumor,pathway_gene,comprehensive
ENST00000326524,0.673,GDNF,0.022269,tumor,pathway_gene,comprehensive
ENST00000436812,0.896,IGFBP2,0.04922,tumor,pathway_gene,comprehensive
ENST00000543050,0.882,ANAPC15,0.055195,tumor,pathway_gene,comprehensive
ENST00000534999,0.857,CACNB4,0.025118,tumor,pathway_gene,comprehensive
ENST00000478431,1.535,RING1,0.07226,tumor,pathway_gene,comprehensive
ENST00000556178,2.06,RPS6KA5,0.004794,tumor,pathway_gene,comprehensive
ENST00000703165,0.731,CTBP1,0.01719,tumor,pathway_gene,comprehensive
ENST00000336596,1.155,EPHA3,0.088892,tumor,pathway_gene,comprehensive
ENST00000447868,1.99,UFD1,0.099552,tumor,pathway_gene,comprehensive
ENST00000370982,1.687,GNG12,0.055406,tumor,pathway_gene,comprehensive
ENST00000246489,1.901,KLC1,0.076775,tumor,pathway_gene,comprehensive
ENST00000687079,0.991,CNTRL,0.05737,tumor,pathway_gene,comprehensive
ENST00000536545,1.975,HMGA2,0.055683,tumor,pathway_gene,comprehensive
ENST00000421351,1.525,PERP,0.062209,tumor,pathway_gene,comprehensive
ENST00000474194,1.226,COP1,0.042378,tumor,pathway_gene,comprehensive
ENST00000368364,0.519,HEY2,0.090542,tumor,pathway_gene,comprehensive
ENST00000296795,0.306,TLR3,0.000433,tumor,pathway_gene,comprehensive
ENST00000586817,1.951,POLR2E,0.054735,tumor,pathway_gene,comprehensive
ENST00000360658,0.71,TLR9,0.041988,tumor,pathway_gene,comprehensive
ENST00000493470,2.005,ATRX,0.002361,tumor,pathway_gene,comprehensive
ENST00000514697,0.687,TENT4A,0.090397,tumor,pathway_gene,comprehensive
ENST00000511766,1.004,ASF1A,0.025976,tumor,pathway_gene,comprehensive
ENST00000392460,1.441,TP63,0.08841,tumor,pathway_gene,comprehensive
ENST00000485250,1.588,NUP42,0.041131,tumor,pathway_gene,comprehensive
ENST00000391945,0.605,ERCC2,0.055673,tumor,pathway_gene,comprehensive
ENST00000483063,1.594,POLE4,0.062844,tumor,pathway_gene,comprehensive
ENST00000559280,0.578,PCLAF,0.077508,tumor,pathway_gene,comprehensive
ENST00000538563,0.965,VWF,0.036614,tumor,pathway_gene,comprehensive
ENST00000584539,0.477,MYL12B,0.009841,tumor,pathway_gene,comprehensive
ENST00000369851,0.886,GNAI3,0.046798,tumor,pathway_gene,comprehensive
ENST00000585561,0.877,NMT1,0.057634,tumor,pathway_gene,comprehensive
ENST00000605925,1.233,FSTL3,0.052601,tumor,pathway_gene,comprehensive
ENST00000479571,0.589,GNAZ,0.053721,tumor,pathway_gene,comprehensive
ENST00000587891,0.821,NLRP4,0.023898,tumor,pathway_gene,comprehensive
ENST00000588594,2.483,RAD51D,0.007866,tumor,pathway_gene,comprehensive
ENST00000637434,0.807,SPTAN1,0.053539,tumor,pathway_gene,comprehensive
ENST00000237837,0.915,FGF23,0.097575,tumor,pathway_gene,comprehensive
ENST00000431166,1.881,DNMT3L,0.07112,tumor,pathway_gene,comprehensive
ENST00000495880,1.04,DUSP7,0.054326,tumor,pathway_gene,comprehensive
ENST00000474258,1.324,SEMA4D,0.060145,tumor,pathway_gene,comprehensive
ENST00000450115,0.654,TP53BP1,0.069197,tumor,pathway_gene,comprehensive
ENST00000703456,0.923,FIP1L1,0.05903,tumor,pathway_gene,comprehensive
ENST00000403106,2.0,FGA,0.091134,tumor,pathway_gene,comprehensive
ENST00000369297,0.63,EPHA7,0.09264,tumor,pathway_gene,comprehensive
ENST00000343810,1.066,MCRS1,0.037657,tumor,pathway_gene,comprehensive
ENST00000583136,2.113,POLI,0.009798,tumor,pathway_gene,comprehensive
ENST00000540243,0.723,MTF2,0.06419,tumor,pathway_gene,comprehensive
ENST00000519715,0.452,CD14,0.008692,tumor,pathway_gene,comprehensive
ENST00000452869,1.026,FANCB,0.071895,tumor,pathway_gene,comprehensive
ENST00000564864,0.643,MMP2,0.059922,tumor,pathway_gene,comprehensive
ENST00000518055,1.649,RAD21,0.063375,tumor,pathway_gene,comprehensive
ENST00000581113,2.392,NF1,0.00275,tumor,pathway_gene,comprehensive
ENST00000489287,0.809,YWHAE,0.042829,tumor,pathway_gene,comprehensive
ENST00000649720,1.184,COL4A1,0.013489,tumor,pathway_gene,comprehensive
ENST00000381340,2.091,ITPR2,0.009956,tumor,pathway_gene,comprehensive
ENST00000215727,0.649,SERPIND1,0.084757,tumor,pathway_gene,comprehensive
ENST00000645455,1.109,BCL11A,0.050911,tumor,pathway_gene,comprehensive
ENST00000331442,0.959,H1-5,0.07521,tumor,pathway_gene,comprehensive
ENST00000679173,0.954,LAMB1,0.028398,tumor,pathway_gene,comprehensive
ENST00000426002,0.929,SHISA5,0.089925,tumor,pathway_gene,comprehensive
ENST00000519321,1.051,SKP1,0.077536,tumor,pathway_gene,comprehensive
ENST00000352981,1.034,CASP6,0.083406,tumor,pathway_gene,comprehensive
ENST00000393321,1.644,GCC2,0.090696,tumor,pathway_gene,comprehensive
ENST00000446619,0.912,YWHAQ,0.031838,tumor,pathway_gene,comprehensive
ENST00000648059,2.959,FANCE,0.000446,tumor,pathway_gene,comprehensive
ENST00000645544,0.698,KNG1,0.021164,tumor,pathway_gene,comprehensive
ENST00000513217,0.553,BAX,0.092405,tumor,pathway_gene,comprehensive
ENST00000561936,0.771,MBTPS1,0.029455,tumor,pathway_gene,comprehensive
ENST00000559488,0.949,ITGB3,0.048555,tumor,pathway_gene,comprehensive
ENST00000605930,0.702,ITPR3,0.026378,tumor,pathway_gene,comprehensive
ENST00000377401,1.259,H2BC13,0.017902,tumor,pathway_gene,comprehensive
ENST00000507134,2.611,ANAPC10,0.001609,tumor,pathway_gene,comprehensive
ENST00000312481,1.251,COL6A5,0.061791,tumor,pathway_gene,comprehensive
ENST00000480952,0.75,NDC1,0.037094,tumor,pathway_gene,comprehensive
ENST00000560890,1.732,APH1B,0.070044,tumor,pathway_gene,comprehensive
ENST00000584792,1.369,CDK5R1,0.019447,tumor,pathway_gene,comprehensive
ENST00000597911,0.885,KLK2,0.092987,tumor,pathway_gene,comprehensive
ENST00000373578,0.883,SRC,0.015409,tumor,pathway_gene,comprehensive
ENST00000509092,1.103,PDGFRA,0.072096,tumor,pathway_gene,comprehensive
ENST00000472114,0.886,PIAS3,0.042655,tumor,pathway_gene,comprehensive
ENST00000374004,0.541,FGR,0.061472,tumor,pathway_gene,comprehensive
ENST00000564651,1.133,POLR2C,0.079268,tumor,pathway_gene,comprehensive
ENST00000424424,0.47,PRNP,0.008081,tumor,pathway_gene,comprehensive
ENST00000518900,0.358,FAM114A2,0.006072,tumor,pathway_gene,comprehensive
ENST00000485271,1.101,MUTYH,0.038433,tumor,pathway_gene,comprehensive
ENST00000493730,2.671,ANAPC2,0.009639,tumor,pathway_gene,comprehensive
ENST00000331380,1.299,H2AC20,0.076843,tumor,pathway_gene,comprehensive
ENST00000361729,1.639,E2F2,0.011736,tumor,pathway_gene,comprehensive
ENST00000234071,0.895,PROC,0.035768,tumor,pathway_gene,comprehensive
ENST00000550093,2.026,DNM1L,0.008032,tumor,pathway_gene,comprehensive
ENST00000404141,1.836,PAXIP1,0.019061,tumor,pathway_gene,comprehensive
ENST00000621321,0.863,CYSLTR2,0.025805,tumor,pathway_gene,comprehensive
ENST00000479459,0.53,EPHA1,0.081877,tumor,pathway_gene,comprehensive
ENST00000494986,1.879,INO80B,0.034541,tumor,pathway_gene,comprehensive
ENST00000692783,0.827,KIT,0.052904,tumor,pathway_gene,comprehensive
ENST00000483713,0.732,POLR2F,0.029729,tumor,pathway_gene,comprehensive
ENST00000370397,0.543,CHUK,0.043849,tumor,pathway_gene,comprehensive
ENST00000521981,0.798,PTK2,0.077636,tumor,pathway_gene,comprehensive
ENST00000588498,0.657,CDC37,0.015224,tumor,pathway_gene,comprehensive
ENST00000554736,1.391,GNG2,0.066987,tumor,pathway_gene,comprehensive
ENST00000462061,1.526,ADAM10,0.080058,tumor,pathway_gene,comprehensive
ENST00000689997,0.507,SHOC2,0.010096,tumor,pathway_gene,comprehensive
ENST00000455631,1.394,PTPRA,0.070161,tumor,pathway_gene,comprehensive
ENST00000683602,1.344,COL9A1,0.092466,tumor,pathway_gene,comprehensive
ENST00000274026,0.527,CCNA2,0.024359,tumor,pathway_gene,comprehensive
ENST00000530167,1.16,H2AX,0.060087,tumor,pathway_gene,comprehensive
ENST00000487703,0.846,CDK5,0.089278,tumor,pathway_gene,comprehensive
ENST00000478490,0.708,MITF,0.011313,tumor,pathway_gene,comprehensive
ENST00000688903,0.748,SMAD4,0.085761,tumor,pathway_gene,comprehensive
ENST00000392029,1.156,QSOX1,0.044992,tumor,pathway_gene,comprehensive
ENST00000574304,1.402,CDC27,0.059706,tumor,pathway_gene,comprehensive
ENST00000312629,0.783,RPS6KB2,0.014385,tumor,pathway_gene,comprehensive
ENST00000528890,0.443,LRP5,0.00759,tumor,pathway_gene,comprehensive
ENST00000358077,1.107,DAPK1,0.051235,tumor,pathway_gene,comprehensive
ENST00000578549,0.803,AURKB,0.021569,tumor,pathway_gene,comprehensive
ENST00000718281,1.317,H1-2,0.027913,tumor,pathway_gene,comprehensive
ENST00000584067,0.383,MPRIP,0.001476,tumor,pathway_gene,comprehensive
ENST00000582029,2.15,OMG,0.006362,tumor,pathway_gene,comprehensive
ENST00000242351,1.557,ZC3HAV1,0.075829,tumor,pathway_gene,comprehensive
ENST00000525831,0.888,GTF2H1,0.073379,tumor,pathway_gene,comprehensive
ENST00000493145,1.196,RBBP7,0.043903,tumor,pathway_gene,comprehensive
ENST00000480823,1.247,FSTL1,0.012762,tumor,pathway_gene,comprehensive
ENST00000481437,1.221,PPIA,0.021997,tumor,pathway_gene,comprehensive
ENST00000549649,0.658,DYNLL1,0.07203,tumor,pathway_gene,comprehensive
ENST00000487892,1.04,TXN,0.074411,tumor,pathway_gene,comprehensive
ENST00000460262,0.693,ROCK2,0.010739,tumor,pathway_gene,comprehensive
ENST00000513016,0.857,VCAN,0.054585,tumor,pathway_gene,comprehensive
ENST00000370167,2.476,DUSP9,0.004355,tumor,pathway_gene,comprehensive
ENST00000527830,0.49,APIP,0.009276,tumor,pathway_gene,comprehensive
ENST00000505120,2.217,CDC23,0.006587,tumor,pathway_gene,comprehensive
ENST00000587578,0.845,SOCS3,0.074604,tumor,pathway_gene,comprehensive
ENST00000674426,1.244,AGO1,0.081194,tumor,pathway_gene,comprehensive
ENST00000696767,0.879,FAS,0.017873,tumor,pathway_gene,comprehensive
ENST00000322623,2.168,RUVBL1,0.00496,tumor,pathway_gene,comprehensive
ENST00000651757,1.311,PRL,0.086577,tumor,pathway_gene,comprehensive
ENST00000681260,0.77,RBPJ,0.05832,tumor,pathway_gene,comprehensive
ENST00000507128,2.794,ERBIN,0.002059,tumor,pathway_gene,comprehensive
ENST00000396978,2.281,RHOG,0.009126,tumor,pathway_gene,comprehensive
ENST00000373210,2.518,AGO4,0.003119,tumor,pathway_gene,comprehensive
ENST00000498460,1.133,RNF8,0.087328,tumor,pathway_gene,comprehensive
ENST00000590013,1.376,PIK3C3,0.09116,tumor,pathway_gene,comprehensive
ENST00000257192,0.692,DSG1,0.019961,tumor,pathway_gene,comprehensive
ENST00000302182,0.638,UBB,0.066438,tumor,pathway_gene,comprehensive
ENST00000502723,2.609,EGF,0.004767,tumor,pathway_gene,comprehensive
ENST00000525659,2.332,CSF1,0.009218,tumor,pathway_gene,comprehensive
ENST00000635099,1.571,ATRIP,0.044435,tumor,pathway_gene,comprehensive
ENST00000537230,2.065,TRIM25,0.006531,tumor,pathway_gene,comprehensive
ENST00000620309,1.73,PSMB3,0.027457,tumor,pathway_gene,comprehensive
ENST00000439435,0.431,FGF16,0.002611,tumor,pathway_gene,comprehensive
ENST00000302754,0.532,JUNB,0.078197,tumor,pathway_gene,comprehensive
ENST00000537883,1.039,QKI,0.079749,tumor,pathway_gene,comprehensive
ENST00000538564,0.949,FOXM1,0.064635,tumor,pathway_gene,comprehensive
ENST00000465234,1.037,HGF,0.02658,tumor,pathway_gene,comprehensive
ENST00000592023,1.954,ERCC1,0.030934,tumor,pathway_gene,comprehensive
ENST00000464323,0.475,TFAP2A,0.006851,tumor,pathway_gene,comprehensive
ENST00000696644,0.383,FANCM,0.002651,tumor,pathway_gene,comprehensive
ENST00000695497,0.514,NUP214,0.093935,tumor,pathway_gene,comprehensive
ENST00000375147,0.949,NCBP1,0.088545,tumor,pathway_gene,comprehensive
ENST00000416248,0.536,HDAC11,0.095544,tumor,pathway_gene,comprehensive
ENST00000477896,0.764,YWHAB,0.027714,tumor,pathway_gene,comprehensive
ENST00000376406,1.284,MDC1,0.04038,tumor,pathway_gene,comprehensive
ENST00000560649,1.297,AVEN,0.073062,tumor,pathway_gene,comprehensive
ENST00000681113,0.507,TOP1,0.080318,tumor,pathway_gene,comprehensive
ENST00000519301,0.567,NRG1,0.036042,tumor,pathway_gene,comprehensive
ENST00000486193,2.201,PSMA7,0.002254,tumor,pathway_gene,comprehensive
ENST00000431089,1.367,CRCP,0.075721,tumor,pathway_gene,comprehensive
ENST00000568216,0.459,TIPIN,0.003849,tumor,pathway_gene,comprehensive
ENST00000164133,0.513,PPP2R5B,0.060452,tumor,pathway_gene,comprehensive
ENST00000339647,1.428,UBC,0.099253,tumor,pathway_gene,comprehensive
ENST00000534317,0.705,PDE3B,0.017708,tumor,pathway_gene,comprehensive
ENST00000557856,0.463,NTRK3,0.004601,tumor,pathway_gene,comprehensive
ENST00000374169,0.749,POLE3,0.079194,tumor,pathway_gene,comprehensive
ENST00000470365,1.572,C4A,0.031255,tumor,pathway_gene,comprehensive
ENST00000466480,1.655,DCLRE1B,0.067107,tumor,pathway_gene,comprehensive
ENST00000461554,1.785,PCBP4,0.091458,tumor,pathway_gene,comprehensive
ENST00000530934,0.938,RAD9A,0.039031,tumor,pathway_gene,comprehensive
ENST00000585941,0.948,LIG3,0.019123,tumor,pathway_gene,comprehensive
ENST00000686913,1.249,LIG4,0.016291,tumor,pathway_gene,comprehensive
ENST00000463409,0.744,COMMD3-BMI1,0.053297,tumor,pathway_gene,comprehensive
ENST00000369058,2.794,FGFR2,0.007222,tumor,pathway_gene,comprehensive
ENST00000337404,0.505,SOD2,0.032942,tumor,pathway_gene,comprehensive
ENST00000295417,1.065,FZD5,0.030055,tumor,pathway_gene,comprehensive
ENST00000551200,0.589,NUP37,0.075605,tumor,pathway_gene,comprehensive
ENST00000502706,1.251,RFC1,0.060827,tumor,pathway_gene,comprehensive
ENST00000434425,1.152,RFC3,0.077954,tumor,pathway_gene,comprehensive
ENST00000507780,0.574,FGF5,0.09664,tumor,pathway_gene,comprehensive
ENST00000291295,1.612,CALM3,0.040192,tumor,pathway_gene,comprehensive
ENST00000397517,1.286,STK24,0.061647,tumor,pathway_gene,comprehensive
ENST00000579711,2.134,GH1,0.003823,tumor,pathway_gene,comprehensive
ENST00000515635,0.69,GNGT2,0.05569,tumor,pathway_gene,comprehensive
ENST00000528648,0.72,BANF1,0.038165,tumor,pathway_gene,comprehensive
ENST00000511207,2.701,CCNH,0.008852,tumor,pathway_gene,comprehensive
ENST00000513890,0.61,UNC5A,0.052429,tumor,pathway_gene,comprehensive
ENST00000257189,0.942,DSG3,0.085987,tumor,pathway_gene,comprehensive
ENST00000347343,1.571,AURKA,0.080784,tumor,pathway_gene,comprehensive
ENST00000581055,2.072,TOP2A,0.007249,tumor,pathway_gene,comprehensive
ENST00000676522,0.753,MCL1,0.051621,tumor,pathway_gene,comprehensive
ENST00000557929,0.999,PSMA4,0.08834,tumor,pathway_gene,comprehensive
ENST00000415901,0.744,NKIRAS1,0.089363,tumor,pathway_gene,comprehensive
ENST00000505913,0.636,GAB1,0.074894,tumor,pathway_gene,comprehensive
ENST00000481121,1.135,NELFE,0.025437,tumor,pathway_gene,comprehensive
ENST00000490500,0.963,RBBP4,0.048111,tumor,pathway_gene,comprehensive
ENST00000481872,1.137,CNTN2,0.052313,tumor,pathway_gene,comprehensive
ENST00000417191,1.728,OTUD7B,0.034789,tumor,pathway_gene,comprehensive
ENST00000696875,1.334,GINS1,0.069754,tumor,pathway_gene,comprehensive
ENST00000696067,1.497,CASP8,0.02239,tumor,pathway_gene,comprehensive
ENST00000850573,1.826,XPC,0.076081,tumor,pathway_gene,comprehensive
ENST00000306010,1.205,MGMT,0.021866,tumor,pathway_gene,comprehensive
ENST00000635452,1.174,TREX1,0.092613,tumor,pathway_gene,comprehensive
ENST00000554781,0.526,ADCY4,0.084183,tumor,pathway_gene,comprehensive
ENST00000692141,1.87,ELOC,0.093566,tumor,pathway_gene,comprehensive
ENST00000374293,1.505,GNG10,0.041871,tumor,pathway_gene,comprehensive
ENST00000568221,1.391,IGFALS,0.037661,tumor,pathway_gene,comprehensive
ENST00000422098,2.052,XIAP,0.008989,tumor,pathway_gene,comprehensive
ENST00000560249,0.564,MEPE,0.055167,tumor,pathway_gene,comprehensive
ENST00000598758,1.39,TGFB1,0.054237,tumor,pathway_gene,comprehensive
ENST00000476658,0.436,DFFA,0.006688,tumor,pathway_gene,comprehensive
ENST00000700502,1.278,CDK8,0.079639,tumor,pathway_gene,comprehensive
ENST00000558018,0.803,MFGE8,0.086572,tumor,pathway_gene,comprehensive
ENST00000462495,1.155,TF,0.013649,tumor,pathway_gene,comprehensive
ENST00000428970,0.933,TBL1XR1,0.063675,tumor,pathway_gene,comprehensive
ENST00000483937,0.804,MAPKAP1,0.048917,tumor,pathway_gene,comprehensive
ENST00000538947,1.247,ZBP1,0.043717,tumor,pathway_gene,comprehensive
ENST00000328087,1.689,IL22,0.04609,tumor,pathway_gene,comprehensive
ENST00000342753,1.377,MXRA8,0.017837,tumor,pathway_gene,comprehensive
ENST00000422471,1.776,APOL1,0.035177,tumor,pathway_gene,comprehensive
ENST00000372142,1.131,NRG3,0.055554,tumor,pathway_gene,comprehensive
ENST00000215368,1.41,EFNA2,0.06273,tumor,pathway_gene,comprehensive
ENST00000630500,1.342,DLL1,0.085247,tumor,pathway_gene,comprehensive
ENST00000327331,1.495,CDCA8,0.057031,tumor,pathway_gene,comprehensive
ENST00000541790,1.207,H2BC8,0.057022,tumor,pathway_gene,comprehensive
ENST00000521651,1.209,PPP3CC,0.013575,tumor,pathway_gene,comprehensive
ENST00000616182,1.753,H2BC17,0.011439,tumor,pathway_gene,comprehensive
ENST00000573955,1.515,USP43,0.04218,tumor,pathway_gene,comprehensive
ENST00000648282,1.134,BIRC6,0.073173,tumor,pathway_gene,comprehensive
ENST00000682548,0.625,COL4A4,0.096194,tumor,pathway_gene,comprehensive
ENST00000572624,1.843,DPEP2,0.090938,tumor,pathway_gene,comprehensive
ENST00000690244,1.109,MYH9,0.018368,tumor,pathway_gene,comprehensive
ENST00000495017,0.556,PRR5,0.025157,tumor,pathway_gene,comprehensive
ENST00000483235,0.954,STAG1,0.079656,tumor,pathway_gene,comprehensive
ENST00000375754,0.97,SYK,0.09247,tumor,pathway_gene,comprehensive
ENST00000327155,0.948,RBBP8,0.090878,tumor,pathway_gene,comprehensive
ENST00000285311,0.398,DKK2,0.002195,tumor,pathway_gene,comprehensive
ENST00000607778,1.051,GTF2H5,0.097937,tumor,pathway_gene,comprehensive
ENST00000523125,1.334,VEGFA,0.036338,tumor,pathway_gene,comprehensive
ENST00000550607,1.102,RND1,0.087781,tumor,pathway_gene,comprehensive
ENST00000554520,1.4,ESR2,0.011164,tumor,pathway_gene,comprehensive
ENST00000474191,2.325,GGT1,0.006042,tumor,pathway_gene,comprehensive
ENST00000381551,0.992,PDGFB,0.075772,tumor,pathway_gene,comprehensive
ENST00000613740,1.522,EPHA5,0.024823,tumor,pathway_gene,comprehensive
ENST00000560218,1.65,IQGAP1,0.088677,tumor,pathway_gene,comprehensive
ENST00000381083,0.466,IGFBP3,0.006644,tumor,pathway_gene,comprehensive
ENST00000375128,0.588,XPA,0.067525,tumor,pathway_gene,comprehensive
ENST00000559701,2.332,BMF,0.008558,tumor,pathway_gene,comprehensive
ENST00000411875,1.351,PSMA2,0.069853,tumor,pathway_gene,comprehensive
ENST00000292144,1.606,CD3G,0.046096,tumor,pathway_gene,comprehensive
ENST00000295400,1.003,TGFA,0.03415,tumor,pathway_gene,comprehensive
ENST00000635919,1.659,CREBBP,0.059654,tumor,pathway_gene,comprehensive
ENST00000535143,0.905,MSRB3,0.041281,tumor,pathway_gene,comprehensive
ENST00000674977,1.147,POLR2A,0.060449,tumor,pathway_gene,comprehensive
ENST00000376497,2.173,CLCN6,0.006037,tumor,pathway_gene,comprehensive
ENST00000515768,0.726,CSNK1A1,0.037688,tumor,pathway_gene,comprehensive
ENST00000691035,0.957,STAG2,0.087838,tumor,pathway_gene,comprehensive
ENST00000541234,0.873,NTF3,0.053904,tumor,pathway_gene,comprehensive
ENST00000635540,0.5,ROCK1,0.096056,tumor,pathway_gene,comprehensive
ENST00000463203,1.1,ASCC2,0.070206,tumor,pathway_gene,comprehensive
ENST00000568043,1.291,INO80E,0.012471,tumor,pathway_gene,comprehensive
ENST00000550169,1.176,FRS2,0.049507,tumor,pathway_gene,comprehensive
ENST00000352066,1.897,NUP62,0.040342,tumor,pathway_gene,comprehensive
ENST00000629350,0.642,CDK7,0.042384,tumor,pathway_gene,comprehensive
ENST00000488316,1.13,RTEL1,0.073021,tumor,pathway_gene,comprehensive
ENST00000579399,2.597,KSR1,0.007076,tumor,pathway_gene,comprehensive
ENST00000180166,0.617,FGF20,0.048482,tumor,pathway_gene,comprehensive
ENST00000598780,1.669,UBA52,0.040185,tumor,pathway_gene,comprehensive
ENST00000479499,1.461,LAMC1,0.018314,tumor,pathway_gene,comprehensive
ENST00000533609,2.586,ARRB1,0.005746,tumor,pathway_gene,comprehensive
ENST00000564268,0.625,SLX1A,0.041144,tumor,pathway_gene,comprehensive
ENST00000216714,0.792,APEX1,0.066099,tumor,pathway_gene,comprehensive
ENST00000522375,0.756,TCF7,0.062119,tumor,pathway_gene,comprehensive
ENST00000530930,1.164,CTBP2,0.06179,tumor,pathway_gene,comprehensive
ENST00000618099,0.538,FURIN,0.040596,tumor,pathway_gene,comprehensive
ENST00000491752,0.366,REV1,0.008002,tumor,pathway_gene,comprehensive
ENST00000589126,1.022,PRKCSH,0.05998,tumor,pathway_gene,comprehensive
ENST00000485420,4.0,MAGED1,0.000437,tumor,pathway_gene,comprehensive
ENST00000339276,0.85,SFN,0.084009,tumor,pathway_gene,comprehensive
ENST00000450114,0.718,WEE1,0.061237,tumor,pathway_gene,comprehensive
ENST00000680772,1.945,BLM,0.016678,tumor,pathway_gene,comprehensive
ENST00000522965,0.977,RIPK2,0.038452,tumor,pathway_gene,comprehensive
ENST00000438616,0.863,ARTN,0.042462,tumor,pathway_gene,comprehensive
ENST00000514062,1.182,IGFBP7,0.035335,tumor,pathway_gene,comprehensive
ENST00000441698,0.621,MSRA,0.084073,tumor,pathway_gene,comprehensive
ENST00000285398,1.025,ERCC3,0.059146,tumor,pathway_gene,comprehensive
ENST00000264498,1.426,FGF2,0.09792,tumor,pathway_gene,comprehensive
ENST00000619466,1.689,H2BC9,0.046026,tumor,pathway_gene,comprehensive
ENST00000343242,1.399,MAFK,0.076016,tumor,pathway_gene,comprehensive
ENST00000613555,1.332,PIK3R6,0.092022,tumor,pathway_gene,comprehensive
ENST00000534558,0.396,RELA,0.003374,tumor,pathway_gene,comprehensive
ENST00000266434,0.513,BCL2L14,0.024564,tumor,pathway_gene,comprehensive
ENST00000447121,0.914,CASP3,0.018412,tumor,pathway_gene,comprehensive
ENST00000342014,0.655,BMX,0.061922,tumor,pathway_gene,comprehensive
ENST00000382159,1.556,GNG7,0.048245,tumor,pathway_gene,comprehensive
ENST00000279022,0.853,MYL9,0.049478,tumor,pathway_gene,comprehensive
ENST00000599335,1.568,SUPT5H,0.087163,tumor,pathway_gene,comprehensive
ENST00000416600,1.613,MAVS,0.057872,tumor,pathway_gene,comprehensive
ENST00000397102,0.772,SEC13,0.034759,tumor,pathway_gene,comprehensive
ENST00000471356,1.945,CP,0.026997,tumor,pathway_gene,comprehensive
ENST00000687939,1.024,RAP1A,0.04655,tumor,pathway_gene,comprehensive
ENST00000703610,1.01,PSMC5,0.083694,tumor,pathway_gene,comprehensive
ENST00000463493,1.419,RAP1B,0.074037,tumor,pathway_gene,comprehensive
ENST00000369645,0.482,MOV10,0.009599,tumor,pathway_gene,comprehensive
ENST00000394797,0.339,CHRDL1,0.000203,tumor,pathway_gene,comprehensive
ENST00000646433,1.15,POLR1C,0.033017,tumor,pathway_gene,comprehensive
ENST00000690378,0.457,H2BC26,0.004664,tumor,pathway_gene,comprehensive
ENST00000555807,1.682,ACIN1,0.039436,tumor,pathway_gene,comprehensive
ENST00000547291,1.178,DUSP6,0.071813,tumor,pathway_gene,comprehensive
ENST00000484545,0.428,NELFA,0.002105,tumor,pathway_gene,comprehensive
ENST00000491674,1.089,FXR1,0.028539,tumor,pathway_gene,comprehensive
ENST00000576027,0.881,RMI2,0.010758,tumor,pathway_gene,comprehensive
ENST00000400137,0.93,FKBP1A,0.062287,tumor,pathway_gene,comprehensive
ENST00000292644,1.523,PSMC2,0.084086,tumor,pathway_gene,comprehensive
ENST00000336180,0.77,LIMK1,0.092536,tumor,pathway_gene,comprehensive
ENST00000608763,1.3,GAS6,0.0342,tumor,pathway_gene,comprehensive
ENST00000493302,0.565,IGF2BP2,0.013263,tumor,pathway_gene,comprehensive
ENST00000710881,1.476,MEN1,0.082919,tumor,pathway_gene,comprehensive
ENST00000515609,0.612,TPM3,0.070281,tumor,pathway_gene,comprehensive
ENST00000580824,1.379,CDC6,0.040366,tumor,pathway_gene,comprehensive
ENST00000527879,0.877,EID3,0.098554,tumor,pathway_gene,comprehensive
ENST00000673637,2.013,MSH6,0.00855,tumor,pathway_gene,comprehensive
ENST00000587761,0.339,SEH1L,0.000308,tumor,pathway_gene,comprehensive
ENST00000550527,1.957,APAF1,0.043742,tumor,pathway_gene,comprehensive
ENST00000549606,0.52,CDK4,0.077572,tumor,pathway_gene,comprehensive
ENST00000485511,1.354,PPP2R5D,0.039298,tumor,pathway_gene,comprehensive
ENST00000468428,0.992,RRBP1,0.09549,tumor,pathway_gene,comprehensive
ENST00000401630,0.369,IL6,0.006765,tumor,pathway_gene,comprehensive
ENST00000217169,0.757,BIRC7,0.062603,tumor,pathway_gene,comprehensive
ENST00000509126,0.868,POLK,0.094397,tumor,pathway_gene,comprehensive
ENST00000555761,0.792,SNW1,0.058128,tumor,pathway_gene,comprehensive
ENST00000540618,1.334,EYA3,0.074123,tumor,pathway_gene,comprehensive
ENST00000265081,1.266,MSH3,0.022665,tumor,pathway_gene,comprehensive
ENST00000678108,1.134,STAT3,0.024613,tumor,pathway_gene,comprehensive
ENST00000465048,1.224,NEURL1,0.035031,tumor,pathway_gene,comprehensive
ENST00000404371,1.637,PDIA6,0.013913,tumor,pathway_gene,comprehensive
ENST00000602787,0.435,CENPS-CORT,0.002351,tumor,pathway_gene,comprehensive
ENST00000266508,1.296,AEBP2,0.095215,tumor,pathway_gene,comprehensive
ENST00000560704,1.033,FGF7,0.088196,tumor,pathway_gene,comprehensive
ENST00000361922,0.647,MAG,0.052765,tumor,pathway_gene,comprehensive
ENST00000324342,0.96,RNF128,0.096169,tumor,pathway_gene,comprehensive
ENST00000590187,0.677,NCAN,0.054405,tumor,pathway_gene,comprehensive
ENST00000697138,1.573,MSN,0.029068,tumor,pathway_gene,comprehensive
ENST00000545257,1.086,TCF7L2,0.035969,tumor,pathway_gene,comprehensive
ENST00000562120,0.44,NTHL1,0.004515,tumor,pathway_gene,comprehensive
ENST00000610535,0.481,TNIP1,0.002197,tumor,pathway_gene,comprehensive
ENST00000607124,0.952,H2BC11,0.074891,tumor,pathway_gene,comprehensive
ENST00000590211,0.591,CAPNS1,0.051884,tumor,pathway_gene,comprehensive
ENST00000511326,0.929,PLK2,0.023568,tumor,pathway_gene,comprehensive
ENST00000637049,0.964,FTO,0.072972,tumor,pathway_gene,comprehensive
ENST00000264246,0.854,CD80,0.061564,tumor,pathway_gene,comprehensive
ENST00000440480,0.538,CDKN1C,0.070658,tumor,pathway_gene,comprehensive
ENST00000456543,1.507,GH2,0.017463,tumor,pathway_gene,comprehensive
ENST00000556276,0.733,CDK2,0.013634,tumor,pathway_gene,comprehensive
ENST00000382548,0.786,GZMH,0.063888,tumor,pathway_gene,comprehensive
ENST00000483781,0.837,ZAP70,0.059251,tumor,pathway_gene,comprehensive
ENST00000519617,1.01,CCNC,0.029827,tumor,pathway_gene,comprehensive
ENST00000373584,2.043,NR6A1,0.001402,tumor,pathway_gene,comprehensive
ENST00000268058,0.541,PML,0.062634,tumor,pathway_gene,comprehensive
ENST00000467886,0.886,COL3A1,0.072969,tumor,pathway_gene,comprehensive
ENST00000688701,0.626,PTPN11,0.064296,tumor,pathway_gene,comprehensive
ENST00000366696,1.453,H3-4,0.028352,tumor,pathway_gene,comprehensive
ENST00000483012,0.977,EZH2,0.076771,tumor,pathway_gene,comprehensive
ENST00000539994,1.753,GTF2H3,0.06357,tumor,pathway_gene,comprehensive
ENST00000263918,0.491,STRN,0.001441,tumor,pathway_gene,comprehensive
ENST00000375120,0.656,OTUD3,0.068937,tumor,pathway_gene,comprehensive
ENST00000261883,0.64,CILP,0.088362,tumor,pathway_gene,comprehensive
ENST00000703140,1.055,MTOR,0.027115,tumor,pathway_gene,comprehensive
ENST00000244573,0.396,H1-1,0.004222,tumor,pathway_gene,comprehensive
ENST00000502696,0.339,MAML3,0.000368,tumor,pathway_gene,comprehensive
ENST00000437146,1.359,GNB1,0.057019,tumor,pathway_gene,comprehensive
ENST00000532025,1.437,PSMD13,0.016475,tumor,pathway_gene,comprehensive
ENST00000475680,0.531,UBE2E1,0.045622,tumor,pathway_gene,comprehensive
ENST00000376925,1.163,CST3,0.090259,tumor,pathway_gene,comprehensive
ENST00000652423,1.649,EIF2AK3,0.051405,tumor,pathway_gene,comprehensive
ENST00000699894,0.893,TRAF3,0.09251,tumor,pathway_gene,comprehensive
ENST00000493254,1.233,CYSLTR1,0.04259,tumor,pathway_gene,comprehensive
ENST00000559206,2.324,UACA,0.009198,tumor,pathway_gene,comprehensive
ENST00000700579,1.066,USP7,0.011621,tumor,pathway_gene,comprehensive
ENST00000492957,0.709,AKT3,0.055526,tumor,pathway_gene,comprehensive
ENST00000451164,0.952,CREB1,0.038161,tumor,pathway_gene,comprehensive
ENST00000697600,1.062,PLCG2,0.088867,tumor,pathway_gene,comprehensive
ENST00000555808,0.587,TIMELESS,0.052661,tumor,pathway_gene,comprehensive
ENST00000535723,0.838,FEN1,0.089016,tumor,pathway_gene,comprehensive
ENST00000511909,0.82,TNIP3,0.097697,tumor,pathway_gene,comprehensive
ENST00000409752,0.93,PPP3R1,0.026203,tumor,pathway_gene,comprehensive
ENST00000407482,1.102,TP53I3,0.032902,tumor,pathway_gene,comprehensive
ENST00000401494,1.006,ALB,0.065602,tumor,pathway_gene,comprehensive
ENST00000367662,0.3,PAPPA2,0.000732,tumor,pathway_gene,comprehensive
ENST00000269518,1.303,PMAIP1,0.051578,tumor,pathway_gene,comprehensive
ENST00000466738,1.435,PIK3CG,0.068281,tumor,pathway_gene,comprehensive
ENST00000424848,1.218,CDK6,0.06785,tumor,pathway_gene,comprehensive
ENST00000422097,0.815,MET,0.031008,tumor,pathway_gene,comprehensive
ENST00000370641,0.617,GNG5,0.020004,tumor,pathway_gene,comprehensive
ENST00000535140,1.114,OTUB1,0.09187,tumor,pathway_gene,comprehensive
ENST00000594635,0.472,ELL,0.003828,tumor,pathway_gene,comprehensive
ENST00000684880,1.058,GPC3,0.053721,tumor,pathway_gene,comprehensive
ENST00000510911,1.003,FGFR4,0.09768,tumor,pathway_gene,comprehensive
ENST00000677799,0.783,RIPK1,0.025893,tumor,pathway_gene,comprehensive
ENST00000439320,0.315,MELTF,6.1e-05,tumor,pathway_gene,comprehensive
ENST00000490833,0.564,FN1,0.057436,tumor,pathway_gene,comprehensive
ENST00000673739,1.626,APOB,0.045099,tumor,pathway_gene,comprehensive
ENST00000374869,0.641,AMER1,0.042887,tumor,pathway_gene,comprehensive
ENST00000434152,1.521,APOE,0.064785,tumor,pathway_gene,comprehensive
ENST00000473227,0.727,ITIH2,0.070708,tumor,pathway_gene,comprehensive
ENST00000460013,1.343,SLC25A5,0.069903,tumor,pathway_gene,comprehensive
ENST00000333151,0.489,H2AC14,0.001345,tumor,pathway_gene,comprehensive
ENST00000391757,1.031,TFPT,0.049063,tumor,pathway_gene,comprehensive
ENST00000371109,1.46,PIK3AP1,0.086719,tumor,pathway_gene,comprehensive
ENST00000397898,0.982,SUMO3,0.081938,tumor,pathway_gene,comprehensive
ENST00000621781,1.075,PSMB2,0.060194,tumor,pathway_gene,comprehensive
ENST00000553723,2.251,OTUB2,0.008786,tumor,pathway_gene,comprehensive
ENST00000480320,0.779,EML4,0.024334,tumor,pathway_gene,comprehensive
ENST00000484965,1.208,ADCY2,0.081289,tumor,pathway_gene,comprehensive
ENST00000475280,0.827,MPG,0.038925,tumor,pathway_gene,comprehensive
ENST00000443451,0.366,NCOR2,0.005203,tumor,pathway_gene,comprehensive
ENST00000459727,0.319,HDAC3,0.000254,tumor,pathway_gene,comprehensive
ENST00000519108,0.748,HDAC2,0.077481,tumor,pathway_gene,comprehensive
ENST00000683550,1.745,COL6A1,0.049558,tumor,pathway_gene,comprehensive
ENST00000714391,1.263,TGFBR2,0.069944,tumor,pathway_gene,comprehensive
ENST00000461350,0.896,COPS7B,0.063724,tumor,pathway_gene,comprehensive
ENST00000571908,0.745,RNF213,0.069387,tumor,pathway_gene,comprehensive
ENST00000262077,1.231,NUP153,0.096261,tumor,pathway_gene,comprehensive
ENST00000554617,0.91,FOS,0.060851,tumor,pathway_gene,comprehensive
ENST00000474105,0.99,IGF2BP3,0.039166,tumor,pathway_gene,comprehensive
ENST00000526339,3.062,NDUFS8,0.000393,tumor,drug_target,comprehensive
ENST00000221444,3.211,KCNA7,0.000219,tumor,drug_target,comprehensive
ENST00000361640,2.889,AKR7A3,0.000276,tumor,drug_target,comprehensive
ENST00000514306,3.467,PLK2,0.000935,tumor,drug_target,comprehensive
ENST00000682758,2.003,CTNNA3,0.003105,tumor,drug_target,comprehensive
ENST00000482663,1.57,GART,0.033722,tumor,drug_target,comprehensive
ENST00000689150,1.931,GLYATL1,0.025328,tumor,drug_target,comprehensive
ENST00000459972,3.471,ATP1A2,0.000601,tumor,drug_target,comprehensive
ENST00000495230,2.262,MAP3K6,0.002576,tumor,drug_target,comprehensive
ENST00000373313,3.453,MAFB,0.000555,tumor,drug_target,comprehensive
ENST00000358625,2.927,WDR5,9.7e-05,tumor,drug_target,comprehensive
ENST00000554961,2.886,PSMA6,0.000179,tumor,drug_target,comprehensive
ENST00000642980,1.596,MYH14,0.050934,tumor,drug_target,comprehensive
ENST00000648117,2.421,FBP1,0.006402,tumor,drug_target,comprehensive
ENST00000641511,2.036,PNPO,0.005028,tumor,drug_target,comprehensive
ENST00000323084,1.726,TSPEAR,0.013236,tumor,drug_target,comprehensive
ENST00000317746,1.816,UGT2B17,0.03834,tumor,drug_target,comprehensive
ENST00000607841,1.631,CTSA,0.07445,tumor,drug_target,comprehensive
ENST00000468158,1.747,FBXW12,0.086464,tumor,drug_target,comprehensive
ENST00000476043,2.934,XDH,0.000362,tumor,drug_target,comprehensive
ENST00000461903,2.666,HLA-A,0.006055,tumor,drug_target,comprehensive
ENST00000557225,1.93,SERPINA6,0.06844,tumor,drug_target,comprehensive
ENST00000581514,2.423,SCN4A,0.007842,tumor,drug_target,comprehensive
ENST00000317091,1.392,CES2,0.072722,tumor,drug_target,comprehensive
ENST00000371621,3.077,PTPN1,0.000186,tumor,drug_target,comprehensive
ENST00000600611,2.866,DYRK1B,0.000559,tumor,drug_target,comprehensive
ENST00000644871,2.589,SIK1,0.008764,tumor,drug_target,comprehensive
ENST00000532538,2.137,BRPF3,0.002527,tumor,drug_target,comprehensive
ENST00000711396,2.243,TPSAB1,0.00218,tumor,drug_target,comprehensive
ENST00000206262,3.441,RGS17,0.00058,tumor,drug_target,comprehensive
ENST00000405333,2.928,ODC1,0.000968,tumor,drug_target,comprehensive
ENST00000371838,2.059,AGBL4,0.004548,tumor,drug_target,comprehensive
ENST00000510099,1.215,PDLIM5,0.052712,tumor,drug_target,comprehensive
ENST00000381249,2.406,RDH14,0.002987,tumor,drug_target,comprehensive
ENST00000678607,2.786,HGS,0.002766,tumor,drug_target,comprehensive
ENST00000713725,3.066,KCNQ1,0.000781,tumor,drug_target,comprehensive
ENST00000518294,3.106,SH2D5,8.2e-05,tumor,drug_target,comprehensive
ENST00000372285,1.725,CD40,0.085255,tumor,drug_target,comprehensive
ENST00000651196,2.336,TYMP,0.002255,tumor,drug_target,comprehensive
ENST00000571174,2.247,UMOD,0.007579,tumor,drug_target,comprehensive
ENST00000624683,2.887,KDM4B,0.000621,tumor,drug_target,comprehensive
ENST00000436427,1.252,YBX1,0.096614,tumor,drug_target,comprehensive
ENST00000478738,1.537,CMPK2,0.097397,tumor,drug_target,comprehensive
ENST00000267549,3.474,GPR65,0.000727,tumor,drug_target,comprehensive
ENST00000534773,1.995,ACAT1,0.022043,tumor,drug_target,comprehensive
ENST00000256958,1.973,SLCO1B1,0.036191,tumor,drug_target,comprehensive
ENST00000343242,1.346,MAFK,0.093145,tumor,drug_target,comprehensive
ENST00000531896,2.908,DGAT1,0.000985,tumor,drug_target,comprehensive
ENST00000526536,1.408,GRIK4,0.086968,tumor,drug_target,comprehensive
ENST00000545285,3.271,WNK1,0.000187,tumor,drug_target,comprehensive
ENST00000486193,2.491,PSMA7,0.003562,tumor,drug_target,comprehensive
ENST00000594936,2.763,C3,0.003497,tumor,drug_target,comprehensive
ENST00000409056,2.45,TMEFF2,0.005153,tumor,drug_target,comprehensive
ENST00000298085,2.162,SLC7A3,0.00884,tumor,drug_target,comprehensive
ENST00000275198,2.568,TAAR6,0.005933,tumor,drug_target,comprehensive
ENST00000506974,1.312,NDUFS4,0.066331,tumor,drug_target,comprehensive
ENST00000375746,2.19,SYK,0.005721,tumor,drug_target,comprehensive
ENST00000512469,3.37,GLRX,0.000417,tumor,drug_target,comprehensive
ENST00000523295,1.906,GSR,0.030674,tumor,drug_target,comprehensive
ENST00000329125,2.434,GP1BA,0.009588,tumor,drug_target,comprehensive
ENST00000696290,2.345,TRPM5,0.005609,tumor,drug_target,comprehensive
ENST00000280684,3.314,KCNA6,0.000396,tumor,drug_target,comprehensive
ENST00000421438,2.696,ATF2,0.009704,tumor,drug_target,comprehensive
ENST00000580959,2.472,PIK3R5,0.006028,tumor,drug_target,comprehensive
ENST00000620073,2.801,HSP90AB1,0.00351,tumor,drug_target,comprehensive
ENST00000258648,1.224,MED4,0.037667,tumor,drug_target,comprehensive
ENST00000538854,3.247,WNT5B,0.00067,tumor,drug_target,comprehensive
ENST00000523102,2.358,SPSB2,0.004048,tumor,drug_target,comprehensive
ENST00000370589,2.431,MCOLN3,0.002436,tumor,drug_target,comprehensive
ENST00000513117,1.239,SRD5A1,0.071457,tumor,drug_target,comprehensive
ENST00000584701,2.697,RBP3,0.005493,tumor,drug_target,comprehensive
ENST00000468082,3.455,SLC17A1,0.000302,tumor,drug_target,comprehensive
ENST00000304374,3.08,DRD5,0.000519,tumor,drug_target,comprehensive
ENST00000484820,1.209,ARG1,0.012975,tumor,drug_target,comprehensive
ENST00000440922,1.506,GOT2P1,0.095653,tumor,drug_target,comprehensive
ENST00000371279,2.03,PARS2,0.001562,tumor,drug_target,comprehensive
ENST00000673324,2.88,ACVR1,0.000985,tumor,drug_target,comprehensive
ENST00000418323,2.942,GLI2,0.00029,tumor,drug_target,comprehensive
ENST00000424139,1.517,SLC22A16,0.092577,tumor,drug_target,comprehensive
ENST00000339307,1.211,ITGA4,0.011311,tumor,drug_target,comprehensive
ENST00000542031,2.148,BCAR1,0.003354,tumor,drug_target,comprehensive
ENST00000343575,2.079,CXCL12,0.004261,tumor,drug_target,comprehensive
ENST00000536224,1.351,GCH1,0.08301,tumor,drug_target,comprehensive
ENST00000505337,1.867,DHFR,0.038595,tumor,drug_target,comprehensive
ENST00000389995,2.08,SOD1,0.007827,tumor,drug_target,comprehensive
ENST00000234610,1.527,MMP23A,0.026706,tumor,drug_target,comprehensive
ENST00000309934,1.637,SEC22A,0.013027,tumor,drug_target,comprehensive
ENST00000409500,2.803,GSTK1,0.006383,tumor,drug_target,comprehensive
ENST00000491100,2.722,GNAI2,0.008178,tumor,drug_target,comprehensive
ENST00000410083,1.927,F10,0.082013,tumor,drug_target,comprehensive
ENST00000421351,2.104,PERP,0.003788,tumor,drug_target,comprehensive
ENST00000677529,2.337,PSEN2,0.00549,tumor,drug_target,comprehensive
ENST00000177694,1.207,TBX21,0.063298,tumor,drug_target,comprehensive
ENST00000643519,2.777,BLVRB,0.004513,tumor,drug_target,comprehensive
ENST00000527682,1.565,CNTN5,0.071731,tumor,drug_target,comprehensive
ENST00000543856,3.288,CES3,0.000882,tumor,drug_target,comprehensive
ENST00000567815,1.433,RPL13,0.079684,tumor,drug_target,comprehensive
ENST00000367157,3.214,NUAK2,0.00076,tumor,drug_target,comprehensive
ENST00000430968,1.34,SPOPL,0.026503,tumor,drug_target,comprehensive
ENST00000485579,3.313,MAPK3,0.00024,tumor,drug_target,comprehensive
ENST00000558761,2.06,HDC,0.001289,tumor,drug_target,comprehensive
ENST00000418082,2.985,FARP2,0.000972,tumor,drug_target,comprehensive
ENST00000377572,2.263,SLC22A12,0.008876,tumor,drug_target,comprehensive
ENST00000697792,3.477,ROCK2,0.000928,tumor,drug_target,comprehensive
ENST00000488869,3.274,AADAC,0.00066,tumor,drug_target,comprehensive
ENST00000373304,3.2,CYSLTR1,0.0007,tumor,drug_target,comprehensive
ENST00000418463,1.736,RAD18,0.032978,tumor,drug_target,comprehensive
ENST00000368959,3.23,NUMA1,0.000871,tumor,drug_target,comprehensive
ENST00000491179,2.85,FAAH2,0.000737,tumor,drug_target,comprehensive
ENST00000355808,2.543,PDHA1,0.008706,tumor,drug_target,comprehensive
ENST00000344721,3.1,NR3C2,0.000838,tumor,drug_target,comprehensive
ENST00000470195,1.72,HSD17B7,0.077995,tumor,drug_target,comprehensive
ENST00000403290,2.268,BMAL1,0.002814,tumor,drug_target,comprehensive
ENST00000536262,1.617,SLC5A8,0.068606,tumor,drug_target,comprehensive
ENST00000491376,2.66,IMPDH1,0.00849,tumor,drug_target,comprehensive
ENST00000594599,2.239,AURKC,0.006096,tumor,drug_target,comprehensive
ENST00000344686,1.521,MAP3K14,0.044683,tumor,drug_target,comprehensive
ENST00000700591,1.508,MAP3K7,0.019759,tumor,drug_target,comprehensive
ENST00000261597,2.393,NDC80,0.004363,tumor,drug_target,comprehensive
ENST00000556732,1.433,NDUFA4L2,0.094404,tumor,drug_target,comprehensive
ENST00000511337,2.829,PKD2,3.3e-05,tumor,drug_target,comprehensive
ENST00000477599,2.087,GSTA4,0.005969,tumor,drug_target,comprehensive
ENST00000471551,1.567,SLC1A4,0.029368,tumor,drug_target,comprehensive
ENST00000530908,3.41,CBR1,0.000476,tumor,drug_target,comprehensive
ENST00000525202,1.962,DIO1,0.062793,tumor,drug_target,comprehensive
ENST00000474218,1.429,CD274,0.07339,tumor,drug_target,comprehensive
ENST00000443841,2.796,FOSB,0.004993,tumor,drug_target,comprehensive
ENST00000682426,1.66,ABCC9,0.015427,tumor,drug_target,comprehensive
ENST00000573657,3.388,ELP5,0.000848,tumor,drug_target,comprehensive
ENST00000640530,1.501,ME2,0.067577,tumor,drug_target,comprehensive
ENST00000467182,1.314,COL4A1,0.06923,tumor,drug_target,comprehensive
ENST00000463308,1.688,NDUFA4,0.06503,tumor,drug_target,comprehensive
ENST00000450994,2.534,STAT4,0.002501,tumor,drug_target,comprehensive
ENST00000370628,3.428,CD40LG,1e-06,tumor,drug_target,comprehensive
ENST00000542498,1.212,HPGD,0.065778,tumor,drug_target,comprehensive
ENST00000464587,1.489,ACY1,0.022092,tumor,drug_target,comprehensive
ENST00000518111,2.572,STMN2,0.00163,tumor,drug_target,comprehensive
ENST00000609981,2.686,PLCH2,0.0085,tumor,drug_target,comprehensive
ENST00000542267,3.394,FBXL17,0.000401,tumor,drug_target,comprehensive
ENST00000631312,3.193,RALB,3.2e-05,tumor,drug_target,comprehensive
ENST00000404241,3.071,ATF4,0.000757,tumor,drug_target,comprehensive
ENST00000465764,3.296,RXRG,0.000396,tumor,drug_target,comprehensive
ENST00000421139,1.55,CREB1,0.071664,tumor,drug_target,comprehensive
ENST00000468573,2.859,CHRM3,0.000862,tumor,drug_target,comprehensive
ENST00000545968,2.441,MYBPC3,0.008885,tumor,drug_target,comprehensive
ENST00000564947,3.23,PLK1,0.000947,tumor,drug_target,comprehensive
ENST00000598581,2.505,SLC6A14,0.001575,tumor,drug_target,comprehensive
ENST00000677989,3.166,RSL24D1,0.000354,tumor,drug_target,comprehensive
ENST00000421812,2.494,ZNF697,0.002823,tumor,drug_target,comprehensive
ENST00000461280,3.319,KCNH2,0.000551,tumor,drug_target,comprehensive
ENST00000525748,2.63,SLC6A5,0.009063,tumor,drug_target,comprehensive
ENST00000598865,1.61,PTGIR,0.074085,tumor,drug_target,comprehensive
ENST00000590465,2.36,SLC7A9,0.006772,tumor,drug_target,comprehensive
ENST00000438475,2.665,MMP8,0.008932,tumor,drug_target,comprehensive
ENST00000714021,3.4,RYR2,0.000315,tumor,drug_target,comprehensive
ENST00000361505,2.514,PNP,0.004005,tumor,drug_target,comprehensive
ENST00000531099,1.783,INCENP,0.052148,tumor,drug_target,comprehensive
ENST00000476008,1.369,GCK,0.025165,tumor,drug_target,comprehensive
ENST00000404910,2.475,RAMP1,0.009777,tumor,drug_target,comprehensive
ENST00000425718,2.913,APOE,0.000785,tumor,drug_target,comprehensive
ENST00000554146,2.423,MAP3K9,0.00134,tumor,drug_target,comprehensive
ENST00000372201,2.29,PLK3,0.007603,tumor,drug_target,comprehensive
ENST00000559562,2.173,SORD,0.008811,tumor,drug_target,comprehensive
ENST00000433104,2.527,IP6K2,0.007507,tumor,drug_target,comprehensive
ENST00000313735,2.554,NOS2,0.009251,tumor,drug_target,comprehensive
ENST00000650339,1.311,VCAM1,0.010162,tumor,drug_target,comprehensive
ENST00000532401,2.543,FOSL1,0.008359,tumor,drug_target,comprehensive
ENST00000468508,2.373,SLC19A1,0.002667,tumor,drug_target,comprehensive
ENST00000262418,2.801,SLC4A1,0.009711,tumor,drug_target,comprehensive
ENST00000448940,2.56,CDC42BPA,0.004587,tumor,drug_target,comprehensive
ENST00000513390,1.26,NNT,0.048809,tumor,drug_target,comprehensive
ENST00000687318,2.419,PDE10A,0.004451,tumor,drug_target,comprehensive
ENST00000308979,3.495,TLR1,0.000836,tumor,drug_target,comprehensive
ENST00000600451,2.243,DHPS,0.003324,tumor,drug_target,comprehensive
ENST00000520609,1.999,GGH,0.04128,tumor,drug_target,comprehensive
ENST00000696136,2.221,CXCR4,0.001035,tumor,drug_target,comprehensive
ENST00000413612,2.899,ALDH1L1,0.000525,tumor,drug_target,comprehensive
ENST00000260599,2.146,KHK,0.002599,tumor,drug_target,comprehensive
ENST00000488199,2.809,HFE,0.002835,tumor,drug_target,comprehensive
ENST00000553474,1.986,SHMT2,0.080523,tumor,drug_target,comprehensive
ENST00000237696,3.441,RARRES1,0.000212,tumor,drug_target,comprehensive
ENST00000274026,1.75,CCNA2,0.07812,tumor,drug_target,comprehensive
ENST00000293683,2.597,PDE4A,0.007672,tumor,drug_target,comprehensive
ENST00000376259,1.791,TNFRSF1B,0.036716,tumor,drug_target,comprehensive
ENST00000676582,1.871,BCL2L1,0.088611,tumor,drug_target,comprehensive
ENST00000649994,3.032,KCNH3,0.000847,tumor,drug_target,comprehensive
ENST00000338244,3.402,SLC23A2,0.000106,tumor,drug_target,comprehensive
ENST00000379638,3.289,REEP5,0.000893,tumor,drug_target,comprehensive
ENST00000282538,2.385,GADL1,0.008789,tumor,drug_target,comprehensive
ENST00000340177,3.312,HRH3,2e-05,tumor,drug_target,comprehensive
ENST00000211122,3.478,GSTA3,0.000814,tumor,drug_target,comprehensive
ENST00000643351,1.38,MPL,0.034755,tumor,drug_target,comprehensive
ENST00000696909,2.161,ITGAV,0.00468,tumor,drug_target,comprehensive
ENST00000394821,1.66,SLC6A4,0.063251,tumor,drug_target,comprehensive
ENST00000488466,1.358,ITGB5,0.011613,tumor,drug_target,comprehensive
ENST00000488824,2.267,GSTM3,0.005316,tumor,drug_target,comprehensive
ENST00000533150,3.073,SULT1A2,0.000497,tumor,drug_target,comprehensive
ENST00000353758,2.884,FCAR,0.000955,tumor,drug_target,comprehensive
ENST00000360547,1.943,IL16,0.085819,tumor,drug_target,comprehensive
ENST00000678741,2.042,XPO1,0.001564,tumor,drug_target,comprehensive
ENST00000415385,2.048,MAP2K4,0.006769,tumor,drug_target,comprehensive
ENST00000218721,2.42,MLNR,0.008937,tumor,drug_target,comprehensive
ENST00000482987,3.45,EPHB3,9.2e-05,tumor,drug_target,comprehensive
ENST00000479620,1.47,GRIK3,0.032924,tumor,drug_target,comprehensive
ENST00000372808,2.436,GNMT,0.008979,tumor,drug_target,comprehensive
ENST00000643234,2.923,NLRP3,3.2e-05,tumor,drug_target,comprehensive
ENST00000490814,2.176,BRD9,0.005272,tumor,drug_target,comprehensive
ENST00000586009,1.599,CELF4,0.045298,tumor,drug_target,comprehensive
ENST00000551939,1.778,GPD1,0.012439,tumor,drug_target,comprehensive
ENST00000378046,2.5,FGF1,0.006276,tumor,drug_target,comprehensive
ENST00000703987,3.163,USP9X,0.000495,tumor,drug_target,comprehensive
ENST00000535309,3.028,MGST1,0.000855,tumor,drug_target,comprehensive
ENST00000445981,2.995,CRHR2,0.000221,tumor,drug_target,comprehensive
ENST00000463891,3.399,BMX,0.000264,tumor,drug_target,comprehensive
ENST00000373783,2.353,ADO,0.003336,tumor,drug_target,comprehensive
ENST00000549347,3.416,RAPGEF3,0.000252,tumor,drug_target,comprehensive
ENST00000327582,2.196,OXCT2,0.009353,tumor,drug_target,comprehensive
ENST00000463551,3.093,SLC25A5,0.000986,tumor,drug_target,comprehensive
ENST00000378357,1.352,CA9,0.022894,tumor,drug_target,comprehensive
ENST00000508487,1.518,CXCL2,0.030826,tumor,drug_target,comprehensive
ENST00000675028,1.752,MUC2,0.080986,tumor,drug_target,comprehensive
ENST00000458201,2.557,GJA10,0.00473,tumor,drug_target,comprehensive
ENST00000498004,3.297,CA5B,0.000983,tumor,drug_target,comprehensive
ENST00000496904,1.238,NDUFB5,0.059684,tumor,drug_target,comprehensive
ENST00000583023,2.363,KCNH6,0.00391,tumor,drug_target,comprehensive
ENST00000521950,1.272,ANGPT1,0.027517,tumor,drug_target,comprehensive
ENST00000245857,1.491,RPL23,0.084999,tumor,drug_target,comprehensive
ENST00000520208,2.867,CHRNA2,6.9e-05,tumor,drug_target,comprehensive
ENST00000490093,2.02,RAB7A,0.006505,tumor,drug_target,comprehensive
ENST00000264498,2.859,FGF2,0.000965,tumor,drug_target,comprehensive
ENST00000588816,3.411,GIPR,0.000599,tumor,drug_target,comprehensive
ENST00000533174,2.56,FMO5,0.009273,tumor,drug_target,comprehensive
ENST00000569544,3.334,SULT1A4,0.000711,tumor,drug_target,comprehensive
ENST00000464710,2.745,IL6,0.009082,tumor,drug_target,comprehensive
ENST00000246186,2.692,MMP24,0.002584,tumor,drug_target,comprehensive
ENST00000465934,1.548,CACNA1C,0.063123,tumor,drug_target,comprehensive
ENST00000539722,2.466,PRKCQ,0.006377,tumor,drug_target,comprehensive
ENST00000612971,2.701,MMP25,0.006396,tumor,drug_target,comprehensive
ENST00000293330,3.219,HCRT,0.000695,tumor,drug_target,comprehensive
ENST00000469501,1.331,PRRC2A,0.047516,tumor,drug_target,comprehensive
ENST00000360418,2.183,UGT1A1,0.007165,tumor,drug_target,comprehensive
ENST00000374644,2.047,EPHA8,0.004372,tumor,drug_target,comprehensive
ENST00000540617,2.43,ALPL,0.003496,tumor,drug_target,comprehensive
ENST00000366131,2.812,SCNN1A,0.007387,tumor,drug_target,comprehensive
ENST00000409182,2.992,HES6,0.000602,tumor,drug_target,comprehensive
ENST00000526297,2.812,CYP4B1,0.009437,tumor,drug_target,comprehensive
ENST00000703139,1.758,MTOR,0.084529,tumor,drug_target,comprehensive
ENST00000521657,1.407,PIK3R1,0.082776,tumor,drug_target,comprehensive
ENST00000683809,1.73,LPAR1,0.077499,tumor,drug_target,comprehensive
ENST00000507638,2.832,VEGFC,0.000104,tumor,drug_target,comprehensive
ENST00000523942,3.24,IMPA1,0.000177,tumor,drug_target,comprehensive
ENST00000643797,1.666,GPX1,0.054076,tumor,drug_target,comprehensive
ENST00000398795,2.714,TNFSF11,0.003295,tumor,drug_target,comprehensive
ENST00000513635,3.18,PTGER4,0.000663,tumor,drug_target,comprehensive
ENST00000682726,1.41,KCNN1,0.046012,tumor,drug_target,comprehensive
ENST00000492291,2.179,GRIA1,0.001577,tumor,drug_target,comprehensive
ENST00000594528,3.252,GRIK5,0.000416,tumor,drug_target,comprehensive
ENST00000460740,2.195,NDUFV3,0.00741,tumor,drug_target,comprehensive
ENST00000447866,2.885,FDPS,0.000996,tumor,drug_target,comprehensive
ENST00000539359,2.035,BDKRB2,0.007654,tumor,drug_target,comprehensive
ENST00000369235,2.29,GJA8,0.00154,tumor,drug_target,comprehensive
ENST00000541257,2.768,GNB3,0.007595,tumor,drug_target,comprehensive
ENST00000589091,3.484,DNMT1,0.000515,tumor,drug_target,comprehensive
ENST00000650827,1.469,NCF4,0.057631,tumor,drug_target,comprehensive
ENST00000246553,3.496,FFAR1,0.000717,tumor,drug_target,comprehensive
ENST00000542365,2.541,SOAT2,0.004687,tumor,drug_target,comprehensive
ENST00000463459,2.714,CLEC16A,0.009684,tumor,drug_target,comprehensive
ENST00000418389,1.57,NDUFA11,0.037088,tumor,drug_target,comprehensive
ENST00000556471,1.377,GNG2,0.074481,tumor,drug_target,comprehensive
ENST00000366425,1.743,GP1BB,0.051136,tumor,drug_target,comprehensive
ENST00000651198,2.961,KCNJ3,0.000518,tumor,drug_target,comprehensive
ENST00000471127,3.497,OAT,0.000539,tumor,drug_target,comprehensive
ENST00000621603,2.076,SERPINA3,0.0032,tumor,drug_target,comprehensive
ENST00000415951,1.302,REPS1,0.083264,tumor,drug_target,comprehensive
ENST00000426229,1.357,ADIPOR1,0.075602,tumor,drug_target,comprehensive
ENST00000493422,1.555,GSTA2,0.065128,tumor,drug_target,comprehensive
ENST00000639777,1.803,GABRD,0.032053,tumor,drug_target,comprehensive
ENST00000518392,1.642,CA13,0.055191,tumor,drug_target,comprehensive
ENST00000512135,1.683,AGXT2,0.092243,tumor,drug_target,comprehensive
ENST00000560555,2.277,ALDH1A3,0.005351,tumor,drug_target,comprehensive
ENST00000486075,1.447,PAPPA2,0.03547,tumor,drug_target,comprehensive
ENST00000527153,3.061,FNTA,0.000983,tumor,drug_target,comprehensive
ENST00000556850,3.087,GPR182,0.000927,tumor,drug_target,comprehensive
ENST00000481256,3.216,LRRK2,0.000336,tumor,drug_target,comprehensive
ENST00000261405,3.402,VWF,0.000625,tumor,drug_target,comprehensive
ENST00000644560,1.955,POLD1,0.096608,tumor,drug_target,comprehensive
ENST00000545377,2.318,ARHGEF28,0.009647,tumor,drug_target,comprehensive
ENST00000583088,1.988,KCNJ12,0.07421,tumor,drug_target,comprehensive
ENST00000562784,2.403,PKM,0.001972,tumor,drug_target,comprehensive
ENST00000475382,1.695,TF,0.083908,tumor,drug_target,comprehensive
ENST00000547342,3.445,SDS,0.000874,tumor,drug_target,comprehensive
ENST00000492545,1.931,CTDSP1,0.09311,tumor,drug_target,comprehensive
ENST00000498598,1.269,ADCY2,0.087894,tumor,drug_target,comprehensive
ENST00000566118,1.922,HAS3,0.010066,tumor,drug_target,comprehensive
ENST00000568801,2.104,CA5A,0.002814,tumor,drug_target,comprehensive
ENST00000530924,2.158,ETS1,0.007282,tumor,drug_target,comprehensive
ENST00000587303,2.513,PTPRS,0.002502,tumor,drug_target,comprehensive
ENST00000638296,2.63,CASR,0.001781,tumor,drug_target,comprehensive
ENST00000402914,1.407,MACROD2,0.08001,tumor,drug_target,comprehensive
ENST00000440311,3.165,CDK2,0.000202,tumor,drug_target,comprehensive
ENST00000521530,1.865,HTR4,0.034104,tumor,drug_target,comprehensive
ENST00000233699,1.615,POLE4,0.024919,tumor,drug_target,comprehensive
ENST00000649068,3.391,ADAM17,0.000531,tumor,drug_target,comprehensive
ENST00000700063,2.5,NBAS,0.004086,tumor,drug_target,comprehensive
ENST00000360595,2.669,MEF2D,0.007326,tumor,drug_target,comprehensive
ENST00000422398,2.615,SLC1A1,0.007756,tumor,drug_target,comprehensive
ENST00000333684,1.879,TH,0.035379,tumor,drug_target,comprehensive
ENST00000534463,1.277,PDE4B,0.08965,tumor,drug_target,comprehensive
ENST00000425913,1.654,GALE,0.020915,tumor,drug_target,comprehensive
ENST00000485379,3.372,THSD7B,0.000513,tumor,drug_target,comprehensive
ENST00000418703,2.198,TRPV4,0.005354,tumor,drug_target,comprehensive
ENST00000699606,1.324,CFTR,0.081709,tumor,drug_target,comprehensive
ENST00000718241,2.429,KLRC4,0.004399,tumor,drug_target,comprehensive
ENST00000462736,2.608,PRKX,0.008237,tumor,drug_target,comprehensive
ENST00000327134,2.532,PAK2,0.004806,tumor,drug_target,comprehensive
ENST00000457047,1.865,CD58,0.064355,tumor,drug_target,comprehensive
ENST00000370456,1.815,GBP6,0.036247,tumor,drug_target,comprehensive
ENST00000234701,1.592,CLCA1,0.091918,tumor,drug_target,comprehensive
ENST00000211287,2.922,MAPK13,0.000319,tumor,drug_target,comprehensive
ENST00000605099,2.584,DGAT2,0.009691,tumor,drug_target,comprehensive
ENST00000670667,2.07,KCNC3,0.001419,tumor,drug_target,comprehensive
ENST00000673846,3.272,BIRC3,0.000946,tumor,drug_target,comprehensive
ENST00000431845,2.243,ZBTB22,0.00522,tumor,drug_target,comprehensive
ENST00000618415,2.376,RGS5,0.007327,tumor,drug_target,comprehensive
ENST00000361739,2.604,MT-CO2,0.005574,tumor,drug_target,comprehensive
ENST00000494858,2.949,REV3L,0.000424,tumor,drug_target,comprehensive
ENST00000251691,2.738,ARFGEF3,0.004015,tumor,drug_target,comprehensive
ENST00000555742,1.589,FNTB,0.076909,tumor,drug_target,comprehensive
ENST00000475513,1.932,TRPV2,0.017682,tumor,drug_target,comprehensive
ENST00000415367,3.005,GLRA2,0.000781,tumor,drug_target,comprehensive
ENST00000643157,3.096,F9,0.000516,tumor,drug_target,comprehensive
ENST00000382383,1.454,C1QTNF7,0.080516,tumor,drug_target,comprehensive
ENST00000436387,1.581,PPIH,0.031496,tumor,drug_target,comprehensive
ENST00000677083,2.722,POLA1,0.001065,tumor,drug_target,comprehensive
ENST00000446616,3.193,CHRND,0.000503,tumor,drug_target,comprehensive
ENST00000508900,2.184,FRAS1,0.003885,tumor,drug_target,comprehensive
ENST00000514017,2.629,CDC25C,0.008377,tumor,drug_target,comprehensive
ENST00000466071,3.147,LTC4S,0.000205,tumor,drug_target,comprehensive
ENST00000528076,2.936,MTNR1B,0.000203,tumor,drug_target,comprehensive
ENST00000417157,2.496,SLC13A3,0.003852,tumor,drug_target,comprehensive
ENST00000497347,1.245,L3MBTL1,0.084803,tumor,drug_target,comprehensive
ENST00000479509,2.995,PIM1,0.000581,tumor,drug_target,comprehensive
ENST00000532299,3.07,PARP2,0.000121,tumor,drug_target,comprehensive
ENST00000616623,2.534,CRY2,0.007673,tumor,drug_target,comprehensive
ENST00000588611,1.333,CANT1,0.071241,tumor,drug_target,comprehensive
ENST00000462453,3.277,CYP2W1,9.9e-05,tumor,drug_target,comprehensive
ENST00000698220,1.91,STK4,0.060909,tumor,drug_target,comprehensive
ENST00000696049,1.943,CTLA4,0.03173,tumor,drug_target,comprehensive
ENST00000587265,2.566,CA4,0.008599,tumor,drug_target,comprehensive
ENST00000519090,2.994,CSMD1,0.000951,tumor,drug_target,comprehensive
ENST00000589892,1.518,BIRC5,0.064667,tumor,drug_target,comprehensive
ENST00000527735,2.812,NUCB2,0.006424,tumor,drug_target,comprehensive
ENST00000640150,1.211,GCSH,0.086799,tumor,drug_target,comprehensive
ENST00000550211,3.215,SLC4A8,0.00067,tumor,drug_target,comprehensive
ENST00000468239,1.567,GP6,0.04953,tumor,drug_target,comprehensive
ENST00000333480,2.154,MAFA,0.007568,tumor,drug_target,comprehensive
ENST00000467369,3.058,HCP5,0.000948,tumor,drug_target,comprehensive
ENST00000467166,1.994,CDK6,0.097688,tumor,drug_target,comprehensive
ENST00000672602,2.465,MPZ,0.005808,tumor,drug_target,comprehensive
ENST00000480333,3.178,UTRN,0.000178,tumor,drug_target,comprehensive
ENST00000578174,2.391,MIEF2,0.006129,tumor,drug_target,comprehensive
ENST00000396282,2.859,PHF8,0.000345,tumor,drug_target,comprehensive
ENST00000311042,3.136,MOBP,0.000279,tumor,drug_target,comprehensive
ENST00000477423,1.775,PAX4,0.06186,tumor,drug_target,comprehensive
ENST00000461140,2.712,PLA2G2A,0.008196,tumor,drug_target,comprehensive
ENST00000309334,2.558,ARID5B,0.003185,tumor,drug_target,comprehensive
ENST00000507602,3.281,XYLT2,0.000547,tumor,drug_target,comprehensive
ENST00000609556,2.009,IL10RB,0.006148,tumor,drug_target,comprehensive
ENST00000390321,1.272,IGLC1,0.017618,tumor,drug_target,comprehensive
ENST00000673832,3.301,STAT1,0.000363,tumor,drug_target,comprehensive
ENST00000470206,3.265,ARAF,0.000356,tumor,drug_target,comprehensive
ENST00000536584,2.543,TAOK3,0.001614,tumor,drug_target,comprehensive
ENST00000479135,2.941,EWSR1,0.000446,tumor,drug_target,comprehensive
ENST00000643258,1.874,SCN7A,0.094644,tumor,drug_target,comprehensive
ENST00000550285,2.595,PDE1B,0.002211,tumor,drug_target,comprehensive
ENST00000571244,2.113,MMP12,0.008173,tumor,drug_target,comprehensive
ENST00000260229,1.3,MMP27,0.039771,tumor,drug_target,comprehensive
ENST00000619590,2.985,AMD1,0.000585,tumor,drug_target,comprehensive
ENST00000542762,1.603,PLCZ1,0.083578,tumor,drug_target,comprehensive
ENST00000503461,2.232,ADH1A,0.006354,tumor,drug_target,comprehensive
ENST00000649396,1.506,COL4A2,0.062888,tumor,drug_target,comprehensive
ENST00000476635,2.981,PRKCI,0.000321,tumor,drug_target,comprehensive
ENST00000487033,3.431,TRPM8,0.000427,tumor,drug_target,comprehensive
ENST00000649724,2.024,ADAR,0.00915,tumor,drug_target,comprehensive
ENST00000328902,2.564,GIMAP6,0.006026,tumor,drug_target,comprehensive
ENST00000578748,2.598,PIPOX,0.006884,tumor,drug_target,comprehensive
ENST00000263080,1.254,ASPA,0.06551,tumor,drug_target,comprehensive
ENST00000305344,3.439,HTR1E,8.4e-05,tumor,drug_target,comprehensive
ENST00000522278,1.837,PEBP4,0.044168,tumor,drug_target,comprehensive
ENST00000678906,1.329,STAT3,0.070281,tumor,drug_target,comprehensive
ENST00000409784,1.383,RAB1A,0.085224,tumor,drug_target,comprehensive
ENST00000404938,1.674,ABCB5,0.068569,tumor,drug_target,comprehensive
ENST00000564231,3.282,CACNA1H,0.000595,tumor,drug_target,comprehensive
ENST00000519065,1.29,HDAC2,0.03188,tumor,drug_target,comprehensive
ENST00000475439,2.825,PON3,0.008061,tumor,drug_target,comprehensive
ENST00000593525,1.532,EGLN2,0.079702,tumor,drug_target,comprehensive
ENST00000493940,2.344,HSPG2,0.00754,tumor,drug_target,comprehensive
ENST00000491162,1.361,CLCN2,0.048007,tumor,drug_target,comprehensive
ENST00000262435,1.392,SMURF2,0.038945,tumor,drug_target,comprehensive
ENST00000428870,1.232,KDM4C,0.056257,tumor,drug_target,comprehensive
ENST00000609713,1.276,KCNJ6,0.083223,tumor,drug_target,comprehensive
ENST00000412911,2.309,STX16,0.006709,tumor,drug_target,comprehensive
ENST00000457243,3.257,CCR3,0.000422,tumor,drug_target,comprehensive
ENST00000328823,2.684,WBP2NL,0.006389,tumor,drug_target,comprehensive
ENST00000336890,3.048,LCK,0.00073,tumor,drug_target,comprehensive
ENST00000491383,2.182,KDM3A,0.003485,tumor,drug_target,comprehensive
ENST00000361381,1.724,MT-ND4,0.018818,tumor,drug_target,comprehensive
ENST00000548664,3.472,VDR,0.000603,tumor,drug_target,comprehensive
ENST00000503485,2.805,CACNA1G,0.007005,tumor,drug_target,comprehensive
ENST00000480426,3.174,GAS6,1.6e-05,tumor,drug_target,comprehensive
ENST00000404072,3.03,PICK1,0.000272,tumor,drug_target,comprehensive
ENST00000517297,3.178,LYPLA1,0.000924,tumor,drug_target,comprehensive
ENST00000369880,2.596,AS3MT,0.00114,tumor,drug_target,comprehensive
ENST00000696963,2.431,ITGB3,0.002258,tumor,drug_target,comprehensive
ENST00000576382,3.197,LCMT1,7.6e-05,tumor,drug_target,comprehensive
ENST00000588454,3.11,CALR,0.000483,tumor,drug_target,comprehensive
ENST00000523082,2.082,PPP2CA,0.002185,tumor,drug_target,comprehensive
ENST00000497129,1.816,PNPLA3,0.033071,tumor,drug_target,comprehensive
ENST00000498425,1.459,EBP,0.024721,tumor,drug_target,comprehensive
ENST00000476936,3.15,CAPZA1,0.000344,tumor,drug_target,comprehensive
ENST00000261326,2.831,MOCOS,0.000386,tumor,drug_target,comprehensive
ENST00000380659,2.088,TLR7,0.009848,tumor,drug_target,comprehensive
ENST00000683606,3.167,CLCNKB,0.000171,tumor,drug_target,comprehensive
ENST00000176183,2.047,DRD4,0.003147,tumor,drug_target,comprehensive
ENST00000513022,2.394,NDUFC1,0.00974,tumor,drug_target,comprehensive
ENST00000510842,2.391,CSNK1G3,0.008232,tumor,drug_target,comprehensive
ENST00000715545,2.134,CACNA1B,0.004755,tumor,drug_target,comprehensive
ENST00000340217,1.343,GLRA3,0.06148,tumor,drug_target,comprehensive
ENST00000488373,2.528,RAC1,0.00622,tumor,drug_target,comprehensive
ENST00000676396,2.324,GRIN1,0.001349,tumor,drug_target,comprehensive
ENST00000243924,3.214,PI3,0.000128,tumor,drug_target,comprehensive
ENST00000331898,2.284,OPCML,0.009467,tumor,drug_target,comprehensive
ENST00000509578,1.688,COX7C,0.068352,tumor,drug_target,comprehensive
ENST00000413194,1.526,NR2C2,0.075121,tumor,drug_target,comprehensive
ENST00000373450,2.142,UGT1A8,0.005392,tumor,drug_target,comprehensive
ENST00000396418,3.295,PKIA,0.000425,tumor,drug_target,comprehensive
ENST00000436453,1.994,SLC6A13,0.080298,tumor,drug_target,comprehensive
ENST00000518893,1.58,LY96,0.052802,tumor,drug_target,comprehensive
ENST00000393282,2.192,NOX4,0.001689,tumor,drug_target,comprehensive
ENST00000525189,2.309,USP2,0.004733,tumor,drug_target,comprehensive
ENST00000471787,2.983,BARD1,0.000599,tumor,drug_target,comprehensive
ENST00000529918,3.328,CA8,0.000752,tumor,drug_target,comprehensive
ENST00000254657,1.827,PER2,0.078854,tumor,drug_target,comprehensive
ENST00000323110,3.263,CYP11B2,0.000945,tumor,drug_target,comprehensive
ENST00000498385,2.045,MIF,0.001213,tumor,drug_target,comprehensive
ENST00000368716,2.297,S100A4,0.007552,tumor,drug_target,comprehensive
ENST00000422046,1.369,CES1,0.068118,tumor,drug_target,comprehensive
ENST00000643754,2.605,RPL11,0.003837,tumor,drug_target,comprehensive
ENST00000611804,2.336,BDKRB1,0.001407,tumor,drug_target,comprehensive
ENST00000418370,2.93,MYLK,0.00066,tumor,drug_target,comprehensive
ENST00000511199,1.256,SORCS2,0.03043,tumor,drug_target,comprehensive
ENST00000461379,3.426,GAPVD1,1.2e-05,tumor,drug_target,comprehensive
ENST00000507187,2.333,NAAA,0.001241,tumor,drug_target,comprehensive
ENST00000461000,2.846,STK39,0.000238,tumor,drug_target,comprehensive
ENST00000621543,2.236,ADCY1,0.001606,tumor,drug_target,comprehensive
ENST00000463164,2.792,GHRHR,0.005808,tumor,drug_target,comprehensive
ENST00000621791,2.684,CACNA1E,0.003483,tumor,drug_target,comprehensive
ENST00000266395,2.351,PDE6H,0.009938,tumor,drug_target,comprehensive
ENST00000470437,1.44,AIDA,0.071805,tumor,drug_target,comprehensive
ENST00000527077,2.163,SLC44A3,0.00349,tumor,drug_target,comprehensive
ENST00000674844,1.496,GJB1,0.089675,tumor,drug_target,comprehensive
ENST00000521035,1.225,SLC30A8,0.028171,tumor,drug_target,comprehensive
ENST00000428288,2.072,HIBADH,0.004704,tumor,drug_target,comprehensive
ENST00000480222,2.028,SIK3,0.001681,tumor,drug_target,comprehensive
ENST00000487520,1.949,HSD3B1,0.073223,tumor,drug_target,comprehensive
ENST00000567512,2.549,SULT1A1,0.00892,tumor,drug_target,comprehensive
ENST00000460628,1.472,PSMD2,0.07223,tumor,drug_target,comprehensive
ENST00000512795,1.766,FLT4,0.050008,tumor,drug_target,comprehensive
ENST00000502753,2.978,TRPC7,0.000123,tumor,drug_target,comprehensive
ENST00000614856,2.754,FKBP1A,0.002882,tumor,drug_target,comprehensive
ENST00000574865,3.392,DPEP2,0.000347,tumor,drug_target,comprehensive
ENST00000395663,3.172,ATP5F1E,0.000573,tumor,drug_target,comprehensive
ENST00000395363,1.823,HLA-DQA1,0.048565,tumor,drug_target,comprehensive
ENST00000520345,2.496,HMMR,0.004766,tumor,drug_target,comprehensive
ENST00000419842,2.241,PLCL2,0.005958,tumor,drug_target,comprehensive
ENST00000319340,3.311,CHST13,7.8e-05,tumor,drug_target,comprehensive
ENST00000305786,2.522,CYCS,0.001342,tumor,drug_target,comprehensive
ENST00000518513,2.875,MYOM2,0.000216,tumor,drug_target,comprehensive
ENST00000486207,2.717,CALCA,0.005345,tumor,drug_target,comprehensive
ENST00000395757,3.409,SREBF1,0.000839,tumor,drug_target,comprehensive
ENST00000259881,1.593,PSORS1C1,0.024674,tumor,drug_target,comprehensive
ENST00000373445,2.635,UGT1A10,0.002058,tumor,drug_target,comprehensive
ENST00000503306,3.225,SMUG1,0.000699,tumor,drug_target,comprehensive
ENST00000506179,1.973,UGDH,0.076105,tumor,drug_target,comprehensive
ENST00000522054,2.367,NCOA2,0.003875,tumor,drug_target,comprehensive
